Scopus Author Ids,Authors
 10244785400,"[' Amado, A.M.', ' Amado, A.M.', ' Amado, A.M.', ' Amado, A.M.', ' Amado, A.M.']"
 12759644500,"[' Aloise, D.', ' Aloise, D.', ' Aloise, D.', ' Aloise, D.', ' Aloise, D.', ' Aloise, D.', ' Aloise, D.', ' Aloise, D.', ' Aloise, D.', ' Aloise, D.', ' Aloise, D.', ' Aloise, D.', ' Aloise, D.', ' Aloise, D.', ' Aloise, D.', ' Aloise, D.', ' Aloise, D.', ' Aloise, D.', ' Aloise, D.', ' Aloise, D.', ' Aloise, D.', ' Aloise, D.', ' Aloise, D.', ' Aloise, D.', ' Aloise, D.', ' Aloise, D.', ' Aloise, D.', ' Aloise, D.', ' Aloise, D.', ' Aloise, D.', ' Aloise, D.', ' Aloise, D.', ' Aloise, D.', ' Aloise, D.', ' Aloise, D.', ' Aloise, D.']"
 14010018700,"[' Henriques, J.', ' Henriques, J.']"
 14632835700,"[' Vargas-Solar, G.', ' Vargas-Solar, G.']"
 14833107600,"[' Sarmento, H.', ' Sarmento, H.', ' Sarmento, H.', ' Sarmento, H.', ' Sarmento, H.']"
 14834340200,"[' Lock, A.S.', ' Lock, A.S.', ' Lock, A.S.']"
 15046381300,"[' Da Mata, W.', ' Da Mata, W.']"
 15520790700,"[' Bedregal, B.R.C.', ' Bedregal, B.R.C.', ' Bedregal, B.R.C.']"
 15623233300,"[' Doppler, K.', ' Doppler, K.']"
 15844865900,"[' Colombini, E.L.', ' Colombini, E.L.', ' Colombini, E.L.']"
 15922490800,"[' Freire, R.C.S.', ' Freire, R.C.S.', ' Freire, R.C.S.', ' Freire, R.C.S.']"
 15925100000,"[' Cavalcante, A.M.', ' Cavalcante, A.M.']"
 16178518600,"[' Silva, S.G.', ' Silva, S.G.', ' Silva, S.G.', ' Silva, S.G.']"
 16309023400,"[' de Siqueira Campos, A.L.P.', ' Campos, A.L.P.S.', ' Campos, A.L.P.S.', ' Campos, A.L.P.S.', ' Campos, A.L.P.S.', ' Campos, A.L.P.S.', ' Campos, A.L.P.S.', ' Campos, A.L.P.S.', ' Campos, A.L.P.S.', ' Campos, A.L.P.S.', ' Campos, A.L.P.S.', ' Campos, A.L.P.S.', ' Campos, A.L.P.S.', ' Campos, A.L.P.S.', ' Campos, A.L.P.S.']"
 17433450200,"[' Cacho, N.', ' Cacho, N.', ' Cacho, N.', ' Cacho, N.', ' Cacho, N.', ' Cacho, N.', ' Cacho, N.', ' Cacho, N.']"
 18038159700,"[' Nascimento, T.P.', ' Nascimento, T.P.', ' Nascimento, T.P.', ' Nascimento, T.P.', ' Nascimento, T.P.', ' Nascimento, T.P.', ' Do Nascimento, T.P.', ' Do Nascimento, T.P.']"
 20435623900,"[' de Araújo, T.M.U.', ' de Araújo, T.M.U.', ' de Araújo, T.M.U.', ' de Araújo, T.M.U.']"
 22035595500,"[' Macedo, E.C.T.', ' Macedo, E.C.T.', ' Macedo, E.C.T.']"
 22333585200,"[' Costa, F.B.', ' Costa, F.B.', ' Costa, F.B.', ' Costa, F.B.', ' Costa, F.B.', ' Costa, F.B.', ' Costa, F.B.', ' Costa, F.B.', ' Costa, F.B.', ' Costa, F.B.', ' Costa, F.B.', ' Costa, F.B.', ' Costa, F.B.', ' Costa, F.B.', ' Costa, F.B.', ' Costa, F.B.', ' Costa, F.B.', ' Costa, F.B.', ' Costa, F.B.', ' Costa, F.B.', ' Costa, F.B.', ' Costa, F.', ' Costa, F.', ' Costa, F.B.', ' Costa, F.B.', ' Costa, F.B.', ' Costa, F.B.', ' Costa, F.B.', ' Costa, F.B.', ' Costa, F.B.', ' Costa, F.B.', ' Costa, F.B.', ' Costa, F.B.', ' Costa, F.B.', ' Costa, F.B.', ' Costa, F.B.', ' Costa, F.B.', ' Costa, F.B.', ' Costa, F.B.', ' Costa, F.B.']"
 22981074500,"[' Parente, A.', ' Parente, A.']"
 23003296600,"[' Carcagnì, P.', ' Carcagnì, P.', ' Carcagnì, P.', ' Carcagnì, P.', ' Carcagnì, P.', ' Carcagnì, P.']"
 23391153700,"[' Tuomaala, E.', ' Tuomaala, E.']"
 23391989300,"[' Eder, K.', ' Eder, K.', ' Eder, K.', ' Eder, K.', ' Eder, K.', ' Eder, K.', ' Eder, K.']"
 23396733500,"[' Gomes, R.B.', ' Gomes, R.B.', ' Gomes, R.B.', ' Gomes, R.B.', ' Gomes, R.B.', ' Gomes, R.B.']"
 23570181900,"[' Trimpe, S.', ' Trimpe, S.', ' Trimpe, S.', ' Trimpe, S.', ' Trimpe, S.', ' Trimpe, S.']"
 23666364500,"[' Brandao, D.', ' Brandao, D.']"
 24280915800,"[' Blanchard, S.J.', ' Blanchard, S.J.', ' Blanchard, S.J.', ' Blanchard, S.J.']"
 24450364400,"[' Clua, E.W.G.', ' Clua, E.W.G.', ' Clua, E.W.G.', ' Clua, E.W.G.', ' Clua, E.W.G.']"
 24477983100,"[' Rinaldi, S.', ' Rinaldi, S.', ' Rinaldi, S.', ' Rinaldi, S.', ' Rinaldi, S.']"
 24490519000,"[' Aroca, R.V.', ' Aroca, R.V.', ' Aroca, R.V.', ' Aroca, R.V.', ' Aroca, R.V.', ' Aroca, R.V.']"
 24722389500,"[' Silva, D.', ' Silva, D.', ' Silva, D.', ' Silva, D.', ' Silva, D.', ' Silva, D.', ' Silva, D.R.C.', ' Silva, D.R.C.', ' Silva, D.R.C.', ' Silva, D.R.C.', ' Silva, D.R.C.', ' Silva, D.R.C.', ' Silva, D.R.C.', ' Silva, D.R.C.', ' Silva, D.', ' Silva, D.', ' Silva, D.', ' Silva, D.', ' Silva, D.', ' Silva, D.', ' Silva, D.', ' Silva, D.', ' Silva, D.', ' Silva, D.', ' Silva, D.', ' Silva, D.', ' Silva, D.', ' Silva, D.', ' Silva, D.', ' Silva, D.', ' Silva, D.', ' Silva, D.', ' Silva, D.', ' Silva, D.', ' Silva, D.', ' Silva, D.', ' Silva, D.', ' Silva, D.']"
 24765979000,"[' Hartmann, L.V.', ' Hartmann, L.V.', ' Hartmann, L.V.']"
 24776461300,"[' Muller, I.', ' Muller, I.']"
 24777116800,"[' Sisinni, E.', ' Sisinni, E.', ' Sisinni, E.', ' Sisinni, E.', ' Sisinni, E.', ' Sisinni, E.', ' Sisinni, E.', ' Sisinni, E.', ' Sisinni, E.', ' Sisinni, E.', ' Sisinni, E.', ' Sisinni, E.', ' Sisinni, E.', ' Sisinni, E.', ' Sisinni, E.', ' Sisinni, E.', ' Sisinni, E.', ' Sisinni, E.', ' Sisinni, E.', ' Sisinni, E.', ' Sisinni, E.', ' Sisinni, E.', ' Sisinni, E.', ' Sisinni, E.']"
 24824131200,"[' Azevedo, S.O.', ' Azevedo, S.O.']"
 25031664100,"[' Pazelli, T.F.', ' Pazelli, T.F.', ' Pazelli, T.F.']"
 25122100700,"[' Costa, B.S.J.', ' Costa, B.S.J.', ' Costa, B.S.J.', ' Costa, B.S.J.', ' Costa, B.S.J.', ' Costa, B.S.J.', ' Costa, B.S.J.', ' Costa, B.S.J.', ' Costa, B.S.J.', ' Costa, B.S.J.', ' Costa, B.S.J.']"
 25522440300,"[' Merola, F.', ' Merola, F.', ' Merola, F.', ' Merola, F.', ' Merola, F.', ' Merola, F.']"
 25626432200,"[' Morais, H.', ' Morais, H.', ' Morais, H.', ' Morais, H.', ' Morais, A.H.F.', ' Morais, A.H.F.', ' Morais, A.H.F.', ' Morais, A.H.F.']"
 25825321500,"[' Lynn, T.', ' Lynn, T.', ' Lynn, T.', ' Lynn, T.', ' Lynn, T.', ' Lynn, T.']"
 25927437400,"[' Rocha, C.', ' Rocha, C.', ' Rocha, C.', ' Rocha, C.']"
 26032523300,"[' Contardo, C.', ' Contardo, C.', ' Contardo, C.', ' Contardo, C.']"
 26323075500,"[' de Souza Filho, G.L.', ' de Souza Filho, G.L.', ' de Souza Filho, G.L.', ' de Souza Filho, G.L.']"
 26425215900,"[' Maniçoba, R.H.C.', ' Maniçoba, R.H.C.', ' Maniçoba, R.H.C.', ' Maniçoba, R.H.C.', ' Maniçoba, R.H.C.']"
 26648296900,"[' Gil, I.', ' Gil, I.']"
 26665599000,"[' Neto, P.A.S.', ' Neto, P.A.S.', ' Neto, P.A.S.']"
 26665750100,"[' Villanueva, J.M.M.', ' Villanueva, J.M.M.', ' Villanueva, J.M.M.']"
 27567732800,"[' Granada, R.', ' Granada, R.', ' Granada, R.', ' Granada, R.', ' Granada, R.', ' Granada, R.']"
 35091013200,"[' Branco, D.A.C.', ' Branco, D.A.C.', ' Branco, D.A.C.', ' Branco, D.A.C.', ' Branco, D.A.C.']"
 35098602800,"[' Heeren, D.M.', ' Heeren, D.M.', ' Heeren, D.M.']"
 35146691800,"[' Allysson Felipe Rodrigues, M.', ' Allysson Felipe Rodrigues, M.']"
 35193888200,"[' Fernandes, R.', ' Fernandes, R.']"
 35278840700,"[' Pantaleo, A.M.', ' Pantaleo, A.M.']"
 35316777100,"[' Araújo, F.M.U.', ' Araújo, F.M.U.', ' Araújo, F.M.U.', ' de Araújo, F.M.U.', ' de Araújo, F.M.U.', ' de Araújo, F.M.U.', ' de Araújo, F.M.U.', ' de Araújo, F.M.U.', ' de Araújo, F.M.U.', ' Araújo, F.M.U.', ' Araújo, F.M.U.', ' Araújo, F.M.U.', ' Araújo, F.M.U.', ' de Araújo, F.M.U.', ' de Araújo, F.M.U.', ' de Araújo, F.M.U.', ' de Araújo, F.M.U.', ' de Araújo, F.M.U.']"
 35324837700,"[' Leite, H.', ' Leite, H.']"
 35519411300,"[' Costa, D.G.', ' Costa, D.G.', ' Costa, D.G.', ' Costa, D.G.', ' Costa, D.G.', ' Costa, D.G.']"
 35565573300,"[' Pereira, C.E.', ' Pereira, C.E.']"
 35581693000,"[' Miranda, V.', ' Miranda, V.']"
 35588010400,"[' Guerrero, J.M.', ' Guerrero, J.M.']"
 35606294400,"[' Valentim, R.', ' Valentim, R.', ' Valentim, R.', ' Valentim, R.', ' De Medeiros Valentim, R.A.', ' De Medeiros Valentim, R.A.', ' Valentim, R.A.M.', ' Valentim, R.A.M.', ' Valentim, R.A.M.', ' Valentim, R.A.M.', ' Valentim, R.A.M.', ' Valentim, R.A.M.', ' Valentim, R.A.M.', ' Valentim, R.A.M.', ' Valentim, R.A.M.', ' Valentim, R.A.M.', ' Valentim, R.A.M.', ' Valentim, R.', ' Valentim, R.']"
 35753685000,"[' Sadu, A.', ' Sadu, A.']"
 35761038800,"[' Guedes, L.A.', ' Guedes, L.A.', ' Guedes, L.A.', ' Guedes, L.A.', ' Guedes, L.A.', ' Guedes, L.A.', ' Guedes, L.A.', ' Guedes, L.A.', ' Guedes, L.A.', ' Guedes, L.A.', ' Guedes, L.A.', ' Guedes, L.A.', ' Guedes, L.A.', ' Guedes, L.A.', ' Guedes, L.A.', ' Guedes, L.A.', ' Guedes, L.A.', ' Guedes, L.A.', ' Guedes, L.A.', ' Guedes, L.A.', ' Guedes, L.A.', ' Guedes, L.A.', ' Guedes, L.A.', ' Guedes, L.A.', ' Guedes, L.A.', ' Guedes, L.A.', ' Guedes, L.A.', ' Guedes, L.A.']"
 35762972500,"[' de Paiva, J.A.', ' de Paiva, J.A.', ' de Paiva, J.A.', ' de Paiva, J.A.', ' de Paiva, J.A.']"
 36006732600,"[' de Matos, L.J.']"
 36045958600,"[' Principe, J.C.', ' Principe, J.C.', ' Principe, J.C.', ' Principe, J.C.', ' Principe, J.C.', ' Principe, J.C.', ' Principe, J.C.', ' Principe, J.C.', ' Principe, J.C.']"
 36160299900,"[' Endo, P.T.', ' Endo, P.T.', ' Endo, P.T.', ' Endo, P.T.', ' Endo, P.T.', ' Endo, P.T.', ' Endo, P.T.', ' Endo, P.T.', ' Endo, P.T.', ' Endo, P.T.']"
 36166525500,"[' De Souza, C.P.', ' De Souza, C.P.']"
 36175720000,"[' Jorge, V.', ' Jorge, V.', ' Jorge, V.', ' Jorge, V.', ' Jorge, V.', ' Jorge, V.']"
 36238364200,"[' Serres, A.J.R.', ' Serres, A.J.R.', ' Serres, A.J.R.', ' Serres, A.J.R.']"
 36536729900,"[' da Guia da Silva, M.', ' da Guia da Silva, M.', ' da Guia da Silva, M.', ' da Guia da Silva, M.', ' da Guia da Silva, M.', ' da Guia da Silva, M.']"
 36537969500,"[' Silva, I.', ' Silva, I.', ' Silva, I.', ' Silva, I.', ' Silva, I.', ' Silva, I.', ' Silva, I.', ' Silva, I.', ' Silva, I.', ' Silva, I.', ' Silva, I.', ' Silva, I.', ' Silva, I.', ' Silva, I.', ' Silva, I.', ' Silva, I.', ' Silva, I.', ' Silva, I.', ' Silva, I.', ' Silva, I.', ' Silva, I.', ' Silva, I.', ' Silva, I.', ' Silva, I.', ' Da Silva, I.M.D.', ' Da Silva, I.M.D.', ' Silva, I.', ' Silva, I.', ' Silva, I.', ' Silva, I.', ' Silva, I.', ' Silva, I.', ' Silva, I.', ' Silva, I.', ' Silva, I.', ' Silva, I.', ' Silva, I.', ' Silva, I.', ' Silva, I.', ' Silva, I.', ' Silva, I.', ' Silva, I.', ' Silva, I.', ' Silva, I.', ' Silva, I.', ' Silva, I.', ' Silva, I.', ' Silva, I.', ' Silva, I.', ' Silva, I.', ' Silva, I.', ' Silva, I.', ' Silva, I.', ' Silva, I.', ' Silva, I.', ' Silva, I.', ' Silva, I.', ' Silva, I.', ' Silva, I.', ' Silva, I.', ' Silva, I.', ' Silva, I.', ' Silva, I.', ' Silva, I.', ' Silva, I.', ' Silva, I.', ' Silva, I.', ' Silva, I.', ' Silva, I.', ' Silva, I.', ' Silva, I.', ' Silva, I.', ' Silva, I.', ' Silva, I.', ' Silva, I.', ' Silva, I.', ' Silva, I.', ' Silva, I.', ' Silva, I.', ' Silva, I.', ' Silva, I.', ' Silva, I.', ' Silva, I.', ' Silva, I.', ' Silva, I.', ' Silva, I.']"
 36605052700,"[' Netto, J.', ' Netto, J.']"
 36605833100,"[' Araújo, R.P.', ' Araújo, R.P.', ' Araújo, R.P.', ' Araújo, R.P.', ' Araújo, R.P.', ' Araújo, R.P.']"
 36705539600,"[' Comite, V.', ' Comite, V.']"
 36808912600,"[' Araujo, J.M.', ' Araujo, J.M.', ' Araujo, J.M.']"
 36865976500,"[' de Araújo, H.X.', ' Araujo, H.X.', ' Araujo, H.X.', ' Araujo, H.X.', ' Araujo, H.X.']"
 36944994400,"[' Piscitelli, P.', ' Piscitelli, P.', ' Piscitelli, P.']"
 37078903900,"[' Bezerra, L.C.T.']"
 37261839800,"[' Palmeira, E.S.', ' Palmeira, E.S.', ' Palmeira, E.S.', ' Palmeira, E.S.']"
 41262081900,"[' Padilha, C.A.A.', ' Padilha, C.A.A.']"
 44860941900,"[' Luque, J.C.C.', ' Luque, J.C.C.', ' Luque, J.C.C.']"
 50661492500,"[' Nogueira, M.B.', ' Nogueira, M.B.', ' Nogueira, M.B.', ' Nogueira, M.B.', ' Nogueira, M.B.', ' Nogueira, M.B.', ' Nogueira, M.B.', ' Nogueira, M.B.']"
 53879714200,"[' Dourado Júnior, M.', ' Dourado Júnior, M.']"
 54402559700,"[' Colicino, E.', ' Colicino, E.']"
 54890623600,"[' Coelho, L.C.', ' Coelho, L.C.', ' Coelho, L.C.', ' Coelho, L.C.']"
 54917800500,"[' Winter, J.', ' Winter, J.']"
 55028638700,"[' Leitão, G.', ' Leitão, G.', ' Leitão, G.', ' Leitão, G.', ' Leitão, G.']"
 55103744400,"[' Araújo, D.S.', ' Araújo, D.S.', ' Araújo, D.S.', ' Araújo, D.S.', ' Araújo, D.S.']"
 55104256700,"[' Lopes, J.S.B.', ' Lopes, J.S.B.', ' Lopes, J.S.B.']"
 55191031900,"[' Albuquerque, G.L.A.', ' Albuquerque, G.L.A.', ' Albuquerque, G.L.A.', ' Albuquerque, G.L.A.', ' Albuquerque, G.L.A.', ' Albuquerque, G.L.A.']"
 55203431500,"[' de Andrade, H.D.']"
 55203799900,"[' Saito, K.', ' Saito, K.', ' Saito, K.', ' Saito, K.', ' Saito, K.']"
 55204048400,"[' Almeida, E.P.L.', ' Almeida, E.P.L.']"
 55220583900,"[' Pick, M.-A.', ' Pick, M.-A.', ' Pick, M.-A.', ' Pick, M.-A.', ' Pick, M.-A.', ' Pick, M.-A.', ' Pick, M.-A.', ' Pick, M.-A.']"
 55312645300,"[' Dantas, M.R.', ' Dantas, M.R.', ' Dantas, M.R.', ' Dantas, M.R.']"
 55314704100,"[' Bezerra, C.G.', ' Bezerra, C.G.', ' Bezerra, C.G.']"
 55315861700,"[' Heck, G.', ' Heck, G.', ' Heck, G.', ' Heck, G.', ' Heck, G.', ' Heck, G.', ' Heck, G.', ' Heck, G.', ' Heck, G.', ' Heck, G.', ' Heck, G.', ' Heck, G.']"
 55336691400,"[' Angelo, G.', ' Angelo, G.', ' Angelo, G.', ' Angelo, G.']"
 55361069800,"[' Villarreal, E.R.L.', ' Villarreal, E.R.L.', ' Villarreal, E.R.L.']"
 55389283400,"[' Bianco, V.', ' Bianco, V.', ' Bianco, V.', ' Bianco, V.', ' Bianco, V.', ' Bianco, V.']"
 55415511600,"[' De Martins, M.A.', ' De Martins, M.A.', ' De Martins, M.A.', ' Martins, A.D.M.', ' Martins, A.D.M.', ' Martins, A.D.M.', ' Martins, A.D.M.', ' Martins, A.D.M.', ' Martins, A.D.M.', ' Martins, A.D.M.', ' Martins, A.D.M.', ' Martins, A.D.M.', ' Martins, A.', ' Martins, A.', ' Martins, A.', ' Martins, A.', ' Martins, A.', ' Martins, A.', ' Martins, A.', ' Martins, A.', ' Martins, A.', ' Martins, A.', ' Martins, A.', ' Martins, A.', ' Martins, A.', ' Martins, A.M.', ' Martins, A.M.', ' Martins, A.M.', ' Martins, A.M.', ' Martins, A.', ' Martins, A.', ' Martins, A.', ' Martins, A.', ' Martins, A.', ' Martins, A.']"
 55436299800,"[' Souza, A.A.S.', ' Souza, A.A.S.', ' Souza, A.A.S.', ' Souza, A.A.S.', ' Souza, A.A.S.', ' Souza, A.A.S.']"
 55437702900,"[' Burlamaqui, A.M.F.', ' Burlamaqui, A.M.F.', ' Burlamaqui, A.M.F.', ' Burlamaqui, A.M.F.', ' Burlamaqui, A.M.F.', ' Burlamaqui, A.M.F.', ' Burlamaqui, A.M.F.', ' Burlamaqui, A.M.F.', ' Burlamaqui, A.M.F.', ' Burlamaqui, A.M.F.', ' Medeiros Filgueira Burlamaqui, A.', ' Medeiros Filgueira Burlamaqui, A.']"
 55488895300,"[' Silva, P.H.F.', ' Silva, P.H.F.', ' Silva, P.H.F.', ' Silva, P.H.F.']"
 55493359300,"[' Barros, L.S.', ' Barros, L.S.']"
 55535552300,"[' Jena, S.D.', ' Jena, S.D.']"
 55538204200,"[' da Silva, B.M.F.', ' da Silva, B.M.F.', ' da Silva, B.M.F.', ' da Silva, B.M.F.', ' da Silva, B.M.F.', ' Da Silva, B.M.F.', ' Da Silva, B.M.F.', ' Da Silva, B.M.F.']"
 55540606300,"[' Solowjow, E.', ' Solowjow, E.', ' Solowjow, E.', ' Solowjow, E.', ' Solowjow, E.', ' Solowjow, E.', ' Solowjow, E.', ' Solowjow, E.']"
 55570200500,"[' De Oliveira Alves Rocha, T.', ' De Oliveira Alves Rocha, T.', ' Rocha, T.O.A.', ' Rocha, T.O.A.', ' Rocha, T.D.O.A.', ' Rocha, T.D.O.A.', ' Rocha, T.O.A.', ' Rocha, T.O.A.', ' Rocha, T.O.A.', ' Rocha, T.D.O.A.', ' Rocha, T.D.O.A.', ' Rocha, T.O.A.', ' Rocha, T.O.A.', ' Rocha, T.O.A.']"
 55608630500,"[' Martins De Sousa Neto, C.', ' Martins De Sousa Neto, C.']"
 55659743600,"[' Ezzati-Jivan, N.', ' Ezzati-Jivan, N.']"
 55664205300,"[' Melo, J.D.', ' Melo, J.D.']"
 55700698000,"[' Lopes, F.V.', ' Lopes, F.V.', ' Lopes, F.V.', ' Lopes, F.V.', ' Lopes, F.V.', ' Lopes, F.V.', ' Lopes, F.V.', ' Lopes, F.V.']"
 55762821500,"[' Abinader, F.M.']"
 55763633400,"[' Fontes, A.I.R.', ' Fontes, A.I.R.', ' Fontes, A.I.R.', ' Fontes, A.I.R.', ' Fontes, A.I.R.', ' Fontes, A.I.R.', ' Fontes, A.I.R.', ' Fontes, A.I.R.', ' Fontes, A.I.R.', ' Fontes, A.I.R.', ' Fontes, A.I.R.', ' Fontes, A.I.R.', ' Fontes, A.I.R.']"
 55826531700,"[' Teixeira, C.', ' Teixeira, C.']"
 55851946978,"[' Rodríguez, G.', ' Rodríguez, G.']"
 55884135100,"[' Distante, C.', ' Distante, C.', ' Distante, C.', ' Distante, C.', ' Distante, C.', ' Distante, C.', ' Distante, C.', ' Distante, C.', ' Distante, C.']"
 55908415500,"[' Neto, V.P.S.', ' Neto, V.P.S.', ' Neto, V.P.S.', ' Neto, V.P.S.', ' Neto, V.P.S.', ' Neto, V.P.S.', ' Neto, V.P.S.', ' Neto, V.P.S.', ' Neto, V.P.S.', ' Neto, V.P.S.', ' Neto, V.P.S.', ' Neto, V.P.S.', ' Neto, V.P.S.', ' Neto, V.P.S.', ' Neto, V.P.S.']"
 55926512000,"[' Dantas, J.B.D.', ' Dantas, J.B.D.', ' Dantas, J.B.D.', ' Dantas, J.B.D.', ' Dantas, J.B.D.', ' Dantas, J.B.D.', ' Dantas, J.B.D.', ' Dantas, J.B.D.']"
 55939576900,"[' Dantas, K.M.', ' Dantas, K.M.', ' Dantas, K.M.C.', ' Dantas, K.M.C.']"
 55939643500,"[' Unrein, F.', ' Unrein, F.', ' Unrein, F.', ' Unrein, F.', ' Unrein, F.']"
 55947364100,"[' Mladenović, N.', ' Mladenović, N.', ' Mladenović, N.', ' Mladenović, N.', ' Mladenović, N.', ' Mladenović, N.', ' Mladenović, N.', ' Mladenović, N.', ' Mladenovic, N.', ' Mladenović, N.', ' Mladenović, N.', ' Mladenović, N.', ' Mladenović, N.']"
 56027748600,"[' Araujo, A.', ' Araujo, A.', ' Araujo, A.']"
 56028590400,"[' Linhares, L.L.S.', ' Linhares, L.L.S.', ' Linhares, L.L.S.', ' Linhares, L.L.S.']"
 56131277200,"[' Negreiros, A.P.F.', ' Negreiros, A.P.F.', ' Negreiros, A.P.F.', ' Negreiros, A.P.F.', ' Negreiros, A.P.F.', ' Negreiros, A.P.F.', ' Negreiros, A.', ' Negreiros, A.', ' Negreiros, A.', ' de Negreiros, A.P.F.', ' de Negreiros, A.P.F.', ' de Negreiros, A.P.F.', ' de Negreiros, A.P.F.', ' de Negreiros, A.P.F.', ' de Negreiros, A.P.F.', ' De Negreiros, Á.P.F.', ' De Negreiros, Á.P.F.', ' De Negreiros, Á.P.F.', ' De Negreiros, Á.P.F.', ' De Negreiros, Á.P.F.', ' De Negreiros, Á.P.F.', ' Negreiros, A.P.F.', ' Negreiros, A.P.F.', ' Negreiros, A.P.F.', ' Negreiros, A.P.F.']"
 56231906400,"[' Vieira, R.D.', ' Vieira, R.D.']"
 56249553100,"[' Souza, B.A.']"
 56363591700,"[' Silveira, L.F.', ' Silveira, L.F.', ' Silveira, L.F.Q.', ' Silveira, L.F.Q.', ' Silveira, L.F.Q.', ' Silveira, L.F.Q.', ' Silveira, L.F.Q.', ' Silveira, L.F.Q.', ' Silveira, L.F.Q.', ' Silveira, L.F.Q.', ' Silveira, L.F.Q.', ' Silveira, L.F.Q.']"
 56402497700,"[' Silva, S.N.', ' Silva, S.N.', ' Silva, S.N.', ' Silva, S.N.', ' Silva, S.N.', ' Silva, S.N.']"
 56439013400,"[' Souza, F.E.C.', ' Souza, F.E.C.', ' Souza, F.E.C.', ' Souza, F.E.C.', ' Souza, F.E.C.', ' Souza, F.E.C.', ' Souza, F.E.C.', ' Souza, F.E.C.']"
 56509497100,"[' Saguna, S.', ' Saguna, S.', ' Saguna, S.', ' Saguna, S.', ' Saguna, S.', ' Saguna, S.', ' Saguna, S.', ' Saguna, S.', ' Saguna, S.', ' Saguna, S.']"
 56520939100,"[' Araújo, M.V.', ' Araújo, M.V.', ' Araújo, M.V.', ' Araújo, M.V.']"
 56521226700,"[' Melo, N.B.', ' Melo, N.B.', ' Melo, N.B.', ' Melo, N.B.']"
 56531999700,"[' Tonidandel, F.', ' Tonidandel, F.', ' Tonidandel, F.']"
 56540943100,"[' Morais, P.S.G.', ' Morais, P.S.G.', ' Morais, P.S.G.', ' Morais, P.S.G.']"
 56587568900,"[' Quiroga, M.V.', ' Quiroga, M.V.', ' Quiroga, M.V.', ' Quiroga, M.V.', ' Quiroga, M.V.']"
 56597608500,"[' Alves, D.K.', ' Alves, D.K.', ' Alves, D.K.', ' Alves, D.K.', ' Alves, D.K.', ' Alves, D.K.', ' Alves, D.K.', ' Alves, D.K.']"
 56597645600,"[' Paiva, S.C.', ' Paiva, S.C.']"
 56649607000,"[' Barbosa, R.M.', ' Barbosa, R.M.', ' Barbosa, R.M.', ' Barbosa, R.M.', ' Barbosa, R.M.', ' Barbosa, R.M.']"
 56682493500,"[' Campos, J.T.L.S.', ' Campos, J.T.L.S.', ' Campos, J.T.L.S.']"
 56682611600,"[' De Medeiros, R.P.', ' De Medeiros, R.P.', ' Medeiros, R.P.', ' Medeiros, R.P.']"
 56702327300,"[' Rego, J.B.A.', ' Rego, J.B.A.', ' Rego, J.B.A.', ' Rego, J.B.A.', ' Rego, J.B.A.', ' Rego, J.B.A.', ' Rego, J.B.A.', ' Rego, J.B.A.', ' Rego, J.B.A.']"
 56714995900,"[' Meier, A.', ' Meier, A.']"
 56732313200,"[' Santos, A.', ' Santos, A.']"
 56782204400,"[' Datta, B.N.', ' Datta, B.N.', ' Datta, B.N.', ' Datta, B.N.', ' Datta, B.N.', ' Datta, B.N.', ' Datta, B.N.', ' Datta, B.N.', ' Datta, B.N.', ' Datta, B.N.', ' Datta, B.N.', ' Datta, B.N.']"
 56785754800,"[' Rommel, S.']"
 56804318900,"[' de Oliveira, Á.V.F.M.', ' de Oliveira, Á.V.F.M.', ' de Oliveira, Á.V.F.M.', ' de Oliveira, Á.V.F.M.', ' de Oliveira, Á.V.F.M.']"
 56839379300,"[' Fernandez, J.M.', ' Fernandez, J.M.']"
 56979016700,"[' Blackmore, C.', ' Blackmore, C.']"
 57126459700,"[' Ging, D.', ' Ging, D.', ' Ging, D.', ' Ging, D.']"
 57148127100,"[' Montalvão, A.C.P.S.', ' Montalvão, A.C.P.S.', ' Montalvão, A.C.P.S.', ' Montalvão, A.C.P.S.']"
 57150810600,"[' Georgiou, K.', ' Georgiou, K.', ' Georgiou, K.']"
 57183701000,"[' De Almeida, M.A.D.', ' De Almeida, M.A.D.']"
 57188874568,"[' Carlos, V.', ' Carlos, V.', ' Carlos, V.', ' Carlos, V.', ' Carlos, V.']"
 57189003352,"[' Jamborsalamati, P.', ' Jamborsalamati, P.']"
 57189465559,"[' Souza, E.A.M.', ' Souza, E.A.M.', ' Souza, E.A.M.', ' Souza, E.A.M.']"
 57189469212,"[' Filgueira, J.D.B.']"
 57190005806,"[' Bezerra Brandao, G.', ' Bezerra Brandao, G.']"
 57190426813,"[' Guimarães, J.P.F.', ' Guimarães, J.P.F.', ' Guimarães, J.P.F.', ' Guimarães, J.P.F.']"
 57190606005,"[' dos Santos, D.H.', ' dos Santos, D.H.', ' dos Santos, D.H.', ' dos Santos, D.H.', ' dos Santos, D.H.', ' dos Santos, D.H.', ' Santos, D.H.', ' Santos, D.H.', ' Santos, D.H.', ' Santos, D.H.', ' Santos, D.H.', ' Santos, D.H.', ' Dos Santos, D.H.', ' Dos Santos, D.H.', ' Dos Santos, D.H.', ' Dos Santos, D.H.', ' Dos Santos, D.H.', ' Dos Santos, D.H.', ' Dos Santos, D.H.', ' Dos Santos, D.H.', ' Dos Santos, D.H.', ' Dos Santos, D.H.', ' Dos Santos, D.H.', ' Dos Santos, D.H.', ' Santos, D.H.', ' Santos, D.H.', ' Santos, D.H.', ' Santos, D.H.']"
 57190606220,"[' De Souza Silva, J.M.V.B.', ' De Souza Silva, J.M.V.B.', ' De Souza Silva, J.M.V.B.', ' De Souza Silva, J.M.V.B.', ' De Souza Silva, J.M.V.B.', ' De Souza Silva, J.M.V.B.']"
 57190606938,"[' Álvarez Jácobo, J.E.', ' Álvarez Jácobo, J.E.', ' Álvarez Jácobo, J.E.', ' Álvarez Jácobo, J.E.', ' Álvarez Jácobo, J.E.', ' Álvarez Jácobo, J.E.', ' Alvarez-Jácobo, J.E.', ' Alvarez-Jácobo, J.E.', ' Alvarez-Jácobo, J.E.', ' Alvarez-Jácobo, J.E.']"
 57190608444,"[' da Silva Junior, A.G.', ' da Silva Junior, A.G.', ' da Silva Junior, A.G.', ' da Silva Junior, A.G.', ' da Silva Junior, A.G.', ' da Silva Junior, A.G.']"
 57190608715,"[' De Lima Sa, S.T.', ' De Lima Sa, S.T.', ' De Lima Sa, S.T.', ' De Lima Sa, S.T.', ' De Lima Sa, S.T.', ' De Lima Sa, S.T.']"
 57190686691,"[' Dhimish, M.', ' Dhimish, M.', ' Dhimish, M.', ' Dhimish, M.', ' Dhimish, M.', ' Dhimish, M.', ' Dhimish, M.', ' Dhimish, M.', ' Dhimish, M.', ' Dhimish, M.', ' Dhimish, M.']"
 57191055730,"[' Silva, F.C.', ' Silva, F.C.', ' Silva, F.C.']"
 57191645768,"[' Åhlund, C.', ' Åhlund, C.', ' Åhlund, C.', ' Åhlund, C.', ' Åhlund, C.', ' Åhlund, C.', ' Ahlund, C.', ' Ahlund, C.', ' Ahlund, C.', ' Ahlund, C.']"
 57191831549,"[' Filho, A.C.A.', ' Filho, A.C.A.', ' Filho, A.C.A.']"
 57192149097,"[' Sanca, H.S.']"
 57192713442,"[' Junior, A.G.S.', ' Junior, A.G.S.', ' Junior, A.G.S.', ' Júnior, A.G.S.', ' Júnior, A.G.S.', ' Júnior, A.G.S.', ' Silva, A.G.', ' Silva, A.G.', ' Silva, A.G.', ' Silva, A.G.']"
 57192920994,"[' Signoretti, G.', ' Signoretti, G.', ' Signoretti, G.', ' Signoretti, G.', ' Signoretti, G.', ' Signoretti, G.', ' Signoretti, G.', ' Signoretti, G.', ' Signoretti, G.', ' Signoretti, G.']"
 57193007878,"[' Rosati, P.', ' Rosati, P.', ' Rosati, P.', ' Rosati, P.']"
 57193013593,"[' Guerin, J.M.', ' Guerin, J.M.', ' Guerin, J.M.']"
 57193072369,"[' Farias, J.L.C.B.', ' Farias, J.L.C.B.', ' Farias, J.L.C.B.', ' Farias, J.L.C.B.']"
 57193213938,"[' Neves, W.L.A.', ' Neves, W.L.A.']"
 57193255028,"[' Metz, S.D.', ' Metz, S.D.', ' Metz, S.D.', ' Metz, S.D.', ' Metz, S.D.']"
 57193607830,"[' Sá, S.T.', ' Sá, S.T.']"
 57193685697,"[' Otto, S.', ' Otto, S.', ' Otto, S.', ' Otto, S.', ' Otto, S.']"
 57193753398,"[' Oliveira, P.S.']"
 57193787591,"[' Popp, J.', ' Popp, J.', ' Popp, J.', ' Popp, J.', ' Popp, J.', ' Popp, J.', ' Popp, J.', ' Popp, J.']"
 57193878119,"[' Melo, V.D.D.L.', ' Melo, V.D.D.L.', ' Melo, V.D.D.L.', ' Melo, V.D.D.L.', ' Melo, V.D.D.L.']"
 57193949292,"[' Lucio De Araujo Ribeiro, R.', ' Lucio De Araujo Ribeiro, R.']"
 57194048651,"[' Dos Santos, L.P.', ' Dos Santos, L.P.', ' Dos Santos, L.P.']"
 57194409673,"[' Alves, W.S.', ' Alves, W.S.', ' Alves, W.S.', ' Alves, W.S.']"
 57194410712,"[' Costa, L.F.V.T.', ' Costa, L.F.V.T.', ' Costa, L.F.V.T.', ' Costa, L.F.V.T.']"
 57194472824,"[' Junior, L.G.Q.S.']"
 57194772911,"[' de Holanda, S.M.', ' de Holanda, S.M.', ' de Holanda, S.M.', ' de Holanda, S.M.']"
 57195277194,"[' Ferrari, P.', ' Ferrari, P.', ' Ferrari, P.', ' Ferrari, P.', ' Ferrari, P.', ' Ferrari, P.', ' Ferrari, P.', ' Ferrari, P.', ' Ferrari, P.', ' Ferrari, P.', ' Ferrari, P.', ' Ferrari, P.', ' Ferrari, P.', ' Ferrari, P.', ' Ferrari, P.', ' Ferrari, P.', ' Ferrari, P.', ' Ferrari, P.', ' Ferrari, P.', ' Ferrari, P.', ' Ferrari, P.', ' Ferrari, P.', ' Ferrari, P.', ' Ferrari, P.', ' Ferrari, P.', ' Ferrari, P.', ' Ferrari, P.', ' Ferrari, P.', ' Ferrari, P.', ' Ferrari, P.', ' Ferrari, P.', ' Ferrari, P.', ' Ferrari, P.', ' Ferrari, P.', ' Ferrari, P.', ' Ferrari, P.', ' Ferrari, P.', ' Ferrari, P.', ' Ferrari, P.', ' Ferrari, P.', ' Ferrari, P.']"
 57195289252,"[' Alves, C.L.G.D.S.', ' Alves, C.L.G.D.S.', ' Alves, C.L.G.D.S.']"
 57195314921,"[' Torquato, M.F.', ' Torquato, M.F.', ' Torquato, M.F.', ' Torquato, M.F.', ' Torquato, M.F.', ' Torquato, M.F.', ' Torquato, M.F.', ' Torquato, M.F.', ' Torquato, M.F.', ' Torquato, M.F.', ' Torquato, M.F.', ' Torquato, M.F.', ' Torquato, M.F.', ' Torquato, M.F.', ' Torquato, M.F.', ' Torquato, M.F.', ' Torquato, M.F.', ' Torquato, M.F.', ' Torquato, M.F.', ' Torquato, M.F.', ' Torquato, M.F.', ' Torquato, M.F.', ' Torquato, M.F.']"
 57195577525,"[' Pereira, I.G.', ' Pereira, I.G.']"
 57195733388,"[' Freitas, V.C.G.', ' Freitas, V.C.G.', ' Freitas, V.C.G.', ' Freitas, V.C.G.', ' Freitas, V.C.G.', ' Freitas, V.C.G.']"
 57195960665,"[' Santos, G.L.', ' Santos, G.L.', ' Santos, G.L.', ' Santos, G.L.']"
 57196076689,"[' Cantanhede, G.M.']"
 57196083051,"[' De Oliveira, M.M.M.']"
 57196319457,"[' Da Silva Burlamaqui, A.A.R.S.', ' Da Silva Burlamaqui, A.A.R.S.', ' Burlamaqui, A.A.R.S.', ' Burlamaqui, A.A.R.S.']"
 57196320656,"[' Da Costa, V.F.', ' Da Costa, V.F.']"
 57196726171,"[' Lopes Martins, D.', ' Lopes Martins, D.']"
 57197356961,"[' Guerra, M.I.S.', ' Guerra, M.I.S.', ' Guerra, M.I.S.', ' Guerra, M.I.S.', ' Guerra, M.I.S.', ' Guerra, M.I.S.', ' Guerra, M.I.S.', ' Guerra, M.I.S.', ' Guerra, M.I.S.', ' Guerra, M.I.S.', ' Guerra, M.I.S.']"
 57197806227,"[' Maniçoba, G.G.C.', ' Maniçoba, G.G.C.', ' Maniçoba, G.G.C.', ' Maniçoba, G.G.C.', ' Maniçoba, G.G.C.']"
 57197813132,"[' Almeida, M.R.', ' Almeida, M.R.', ' Almeida, M.R.', ' Almeida, M.R.', ' Almeida, M.R.']"
 57198270479,"[' Filho, M.C.P.', ' Filho, M.C.P.', ' Filho, M.C.P.', ' Filho, M.C.P.', ' Filho, M.C.P.']"
 57198355339,"[' De Medeiros Brito Junior, A.', ' De Medeiros Brito Junior, A.']"
 57198392529,"[' Choudhury, S.', ' Choudhury, S.']"
 57199310824,"[' Garcia, A.R.G.', ' Garcia, A.R.G.', ' Garcia, A.R.G.']"
 57199792469,"[' Silva, J.M.V.B.S.', ' Silva, J.M.V.B.S.', ' Silva, J.M.V.B.S.', ' Silva, J.M.V.B.S.', ' Silva, J.M.V.B.S.', ' Silva, J.M.V.B.S.']"
 57200162144,"[' Battaglia, F.', ' Battaglia, F.']"
 57200411078,"[' Filho, J.M.F.', ' Filho, J.M.F.', ' Filho, J.M.F.', ' Filho, J.M.F.']"
 57200417054,"[' Medeiros, R.V.A.', ' Medeiros, R.V.A.', ' Medeiros, R.V.A.', ' Medeiros, R.V.A.']"
 57201014609,"[' Musa, A.', ' Musa, A.']"
 57201094693,"[' de C.\xa0Neto, J.M.']"
 57201277232,"[' Rocha, E.D.S.', ' Rocha, E.D.S.', ' Rocha, E.D.S.', ' Rocha, E.D.S.', ' Rocha, E.D.S.', ' Rocha, E.D.S.']"
 57201471020,"[' Das Chagas Barbosa De Sena, F.', ' Das Chagas Barbosa De Sena, F.']"
 57201613204,"[' Escudero, A.M.P.', ' Escudero, A.M.P.']"
 57202047395,"[' Noronha, D.H.', ' Noronha, D.H.', ' Noronha, D.H.', ' Noronha, D.H.', ' Noronha, D.H.', ' Noronha, D.H.']"
 57202160927,"[' Sudrich, S.', ' Sudrich, S.', ' Sudrich, S.', ' Sudrich, S.', ' Sudrich, S.', ' Sudrich, S.', ' Sudrich, S.', ' Sudrich, S.']"
 57202422528,"[' Vidal Aroca, R.', ' Vidal Aroca, R.']"
 57202424419,"[' Lima Sa, S.T.D.', ' Lima Sa, S.T.D.']"
 57202464093,"[' Maidana, R.G.', ' Maidana, R.G.', ' Maidana, R.G.', ' Maidana, R.G.', ' Maidana, R.G.', ' Maidana, R.G.']"
 57202493915,"[' De Alburquerque, G.G.L.A.', ' De Alburquerque, G.G.L.A.']"
 57202496125,"[' Silva, M.R.', ' Silva, M.R.', ' Silva, M.R.']"
 57202497625,"[' Xavier, R.S.', ' Xavier, R.S.']"
 57202500976,"[' Cunha Junior, F.H.', ' Cunha Junior, F.H.', ' Cunha Junior, F.H.', ' Cunha Junior, F.H.', ' Cunha Junior, F.H.', ' Cunha Junior, F.H.', ' Francisco, H.C.', ' Francisco, H.C.']"
 57202501288,"[' Souza, E.S.', ' Souza, E.S.', ' Souza, E.S.', ' Souza, E.S.', ' Souza, E.S.', ' Souza, E.S.', ' Souza, E.S.', ' Souza, E.S.']"
 57202607438,"[' Nascimento, L.B.P.', ' Nascimento, L.B.P.', ' Nascimento, L.B.P.', ' Nascimento, L.B.P.', ' Nascimento, L.B.P.', ' Nascimento, L.B.P.', ' Nascimento, L.B.P.', ' Nascimento, L.B.P.', ' Nascimento, L.B.P.']"
 57202609106,"[' Pereira, D.S.', ' Pereira, D.S.', ' Pereira, D.S.', ' Pereira, D.S.', ' Pereira, D.S.', ' Pereira, D.S.']"
 57202611266,"[' Fernandes, D.H.S.', ' Fernandes, D.H.S.', ' Fernandes, D.H.S.']"
 57202810878,"[' Gil, P.', ' Gil, P.']"
 57202969056,"[' Carvalho, D.F.', ' Carvalho, D.F.', ' Carvalho, D.F.', ' Carvalho, D.F.', ' Carvalho, D.F.', ' Carvalho, D.F.', ' Carvalho, D.F.', ' Carvalho, D.F.', ' Carvalho, D.F.', ' Carvalho, D.F.']"
 57203001462,"[' Frey, P.', ' Frey, P.', ' Frey, P.', ' Frey, P.', ' Frey, P.', ' Frey, P.', ' Frey, P.', ' Frey, P.']"
 57203003614,"[' França, R.L.S.', ' França, R.L.S.']"
 57203004803,"[' Knapp, T.', ' Knapp, T.', ' Knapp, T.', ' Knapp, T.', ' Knapp, T.', ' Knapp, T.', ' Knapp, T.', ' Knapp, T.']"
 57203006299,"[' Etter, M.', ' Etter, M.', ' Etter, M.', ' Etter, M.', ' Etter, M.', ' Etter, M.', ' Etter, M.', ' Etter, M.']"
 57203009766,"[' Ziehr, D.', ' Ziehr, D.', ' Ziehr, D.', ' Ziehr, D.', ' Ziehr, D.', ' Ziehr, D.', ' Ziehr, D.', ' Ziehr, D.']"
 57203011795,"[' Abt, S.', ' Abt, S.', ' Abt, S.', ' Abt, S.', ' Abt, S.', ' Abt, S.', ' Abt, S.', ' Abt, S.']"
 57203094797,"[' Monti, A.', ' Monti, A.', ' Monti, A.', ' Monti, A.', ' Monti, A.', ' Monti, A.']"
 57203129495,"[' Leite, A.C.Q.B.', ' Leite, A.C.Q.B.', ' Leite, A.C.Q.B.']"
 57203136140,"[' Da Costa, A.H.X.', ' Da Costa, A.H.X.', ' Da Costa, A.H.X.']"
 57203183985,"[' Lima, A.D.L.', ' Lima, A.D.L.', ' Lima, A.D.L.']"
 57203387044,"[' Leal, M.M.', ' Leal, M.M.']"
 57203390917,"[' Loureiro Sousa Campos, J.T.', ' Loureiro Sousa Campos, J.T.']"
 57203391770,"[' De Almeida Neto, D.L.', ' De Almeida Neto, D.L.', ' De Almeida Neto, D.L.']"
 57203395728,"[' Dantas, A.F.O.A.', ' Dantas, A.F.O.A.', ' Dantas, A.F.O.A.', ' Dantas, A.F.O.A.', ' Dantas, A.F.O.D.A.', ' Dantas, A.F.O.D.A.', ' Dantas, A.F.O.D.A.', ' Dantas, A.F.O.A.', ' Dantas, A.F.O.A.', ' Dantas, A.F.O.A.', ' Dantas, A.F.O.A.', ' Dantas, A.F.O.A.']"
 57203642309,"[' Oliveira, G.M.B.', ' Oliveira, G.M.B.', ' Oliveira, G.M.B.', ' Oliveira, G.M.B.', ' Oliveira, G.M.B.']"
 57203942338,"[' Ortiz, L.E.', ' Ortiz, L.E.', ' Ortiz, L.E.', ' Ortiz, L.E.', ' Ortiz, L.E.']"
 57203942641,"[' Cabrera, E.V.', ' Cabrera, E.V.']"
 57204021700,"[' Vieira, E.', ' Vieira, E.', ' Vieira, E.', ' Vieira, E.', ' Vieira, E.', ' Vieira, E.', ' Vieira, E.', ' Vieira, E.', ' Vieira, E.', ' Vieira, E.', ' Vieira, E.']"
 57204042904,"[' Boas, J.V.', ' Boas, J.V.', ' Boas, J.V.']"
 57204049744,"[' Alvarez, J.', ' Alvarez, J.', ' Alvarez, J.']"
 57204960993,"[' Magri Souza, V.P.R.']"
 57205055291,"[' Silva, C.A.D.']"
 57205118256,"[' Viegas, C.M.D.', ' Viegas, C.M.D.', ' Viegas, C.M.D.', ' Viegas, C.M.D.', ' Viegas, C.M.D.', ' Viegas, C.M.D.']"
 57205347855,"[' de Santana, P.M.', ' de Santana, P.M.', ' de Santana, P.M.', ' de Santana, P.M.', ' de Santana, P.M.']"
 57205746473,"[' Jurak, D.A.', ' Jurak, D.A.', ' Jurak, D.A.', ' Jurak, D.A.', ' Jurak, D.A.', ' Jurak, D.A.']"
 57205881924,"[' Lima, B.', ' Lima, B.', ' Lima, B.', ' Lima, B.', ' Lima, B.', ' Lima, B.']"
 57205882639,"[' Lopes, K.', ' Lopes, K.', ' Lopes, K.', ' Lopes, K.', ' Lopes, K.', ' Lopes, K.']"
 57206669777,"[' Monteiro, K.H.C.', ' Monteiro, K.H.C.', ' Monteiro, K.H.C.', ' Monteiro, K.H.C.', ' Monteiro, K.H.C.', ' Monteiro, K.H.C.']"
 57206889767,"[' Villarim, A.W.R.', ' Villarim, A.W.R.']"
 57207807053,"[' Silva, M.', ' Silva, M.', ' Silva, M.', ' Silva, M.', ' Silva, M.', ' Silva, M.', ' Silva, M.', ' Silva, M.', ' Silva, M.', ' Silva, M.', ' Silva, M.', ' Silva, M.', ' Silva, M.', ' Silva, M.', ' Silva, M.', ' Silva, M.', ' Silva, M.', ' Silva, M.', ' Silva, M.', ' Silva, M.']"
 57207943791,"[' Lange, J.', ' Lange, J.', ' Lange, J.', ' Lange, J.', ' Lange, J.', ' Lange, J.', ' Lange, J.', ' Lange, J.']"
 57208260908,"[' Coutinho, M.G.F.', ' Coutinho, M.G.F.', ' Coutinho, M.G.F.', ' Coutinho, M.G.F.', ' Coutinho, M.G.F.']"
 57208330857,"[' Barbalho, I.', ' Barbalho, I.']"
 57208369251,"[' Barreto, E.J.S.S.', ' Barreto, E.J.S.S.', ' Barreto, E.J.S.S.', ' Barreto, E.J.S.S.']"
 57208820417,"[' Alves, G.']"
 57208820547,"[' Marques, D.', ' Marques, D.', ' Marques, D.', ' Marques, D.', ' Marques, D.', ' Marques, D.']"
 57208902469,"[' D’assunção, A.G.', ' D’assunção, A.G.', ' D’assunção, A.G.', ' D’assunção, A.G.', ' D’assunção, A.G.', ' D’assunção, A.G.', "" D'Assunção, A.G."", ' D’Assunção, A.G.', ' D’Assunção, A.G.', ' D’Assunção, A.G.', ' D’Assunção, A.G.', ' D’Assunção, A.G.', ' D’Assunção, A.G.', "" D'Assunção, A.G."", "" D'Assunção, A.G."", "" D'Assunção, A.G."", "" D'Assunção, A.G."", "" D'Assunção, A.G.""]"
 57209292023,"[' Medeiros, A.', ' Medeiros, A.', ' Medeiros, A.', ' Medeiros, A.', ' Medeiros, A.', ' Medeiros, A.']"
 57209599778,"[' Silva, J.C.L.', ' Silva, J.C.L.', ' Silva, J.C.L.']"
 57209681605,"[' da Silva Briggs, L.']"
 57209848920,"[' Pena, L.', ' Pena, L.', ' Pena, L.', ' Pena, L.', ' Pena, L.', ' Pena, L.', ' Pena, L.', ' Pena, L.', ' Pena, L.', ' Pena, L.', ' Pena, L.']"
 57209853032,"[' Dória, M.', ' Dória, M.', ' Dória, M.', ' Dória, M.', ' Dória, M.']"
 57209855400,"[' Pena, D.', ' Pena, D.', ' Pena, D.', ' Pena, D.', ' Pena, D.', ' Pena, D.']"
 57209860361,"[' Lima, C.', ' Lima, C.', ' Lima, C.', ' Lima, C.', ' Lima, C.']"
 57209945034,"[' Castro, A.', ' Castro, A.', ' Castro, A.', ' Castro, A.', ' Castro, A.', ' Castro, A.']"
 57210151112,"[' Lopes, F.F.', ' Lopes, F.F.', ' Lopes, F.F.', ' Lopes, F.F.', ' Lopes, F.F.', ' Lopes, F.F.']"
 57210356686,"[' de Azevedo Dantas, A.F.O.', ' de Azevedo Dantas, A.F.O.', ' de Azevedo Dantas, A.F.O.', ' de Azevedo Dantas, A.F.O.']"
 57210358887,"[' de Castro Rego, E.J.', ' de Castro Rego, E.J.', ' de Castro Rego, E.J.', ' de Castro Rego, E.J.']"
 57210360183,"[' da Silva Dantas, A.D.O.', ' da Silva Dantas, A.D.O.', ' da Silva Dantas, A.D.O.', ' da Silva Dantas, A.D.O.']"
 57210845881,"[' Batista, Y.M.V.']"
 57211094658,"[' Goncalves da Silva Junior, A.', ' Goncalves da Silva Junior, A.']"
 57211552948,"[' Villarim, M.R.', ' Villarim, M.R.']"
 57211641026,"[' Leite, D.L.', ' Leite, D.L.', ' Leite, D.L.', ' Leite, D.L.', ' Leite, D.L.', ' Leite, D.L.']"
 57211646270,"[' Morais, M.R.', ' Morais, M.R.', ' Morais, M.R.', ' Morais, M.R.', ' Morais, M.R.', ' Morais, M.R.']"
 57212600664,"[' Campos, J.T.L.S.', ' Campos, J.T.L.S.', ' Campos, J.T.L.S.', ' Campos, J.T.L.S.']"
 57213002364,"[' Pinto, E.N.M.G.', ' Pinto, E.N.M.G.', ' Pinto, E.N.M.G.', ' Pinto, E.N.M.G.', ' Pinto, E.N.M.G.', ' Pinto, E.N.M.G.', ' Pinto, E.N.M.G.', ' Pinto, E.N.M.G.', ' Pinto, E.N.M.G.', ' Pinto, E.N.M.G.', ' Pinto, E.N.M.G.', ' Pinto, E.N.M.G.']"
 57213240066,"[' Dias, A.', ' Dias, A.', ' Dias, A.', ' Dias, A.', ' Dias, A.', ' Dias, A.', ' Dias, A.']"
 57213490184,"[' Cavalcante, G.A.']"
 57214224477,"[' Santos, V.G.', ' Santos, V.G.', ' Santos, V.G.']"
 57215297586,"[' Dantas, E.S.', ' Dantas, E.S.', ' Dantas, E.S.']"
 57215420722,"[' Araujo, J.', ' Araujo, J.', ' Araujo, J.', ' Araujo, J.']"
 57216156011,"[' Silveira, F.A.F.', ' Silveira, F.A.F.']"
 57216244660,"[' Lima, L.', ' Lima, L.', ' Lima, L.', ' Lima, L.', ' Lima, L.', ' Lima, L.']"
 57216259132,"[' De Morais, M.R.', ' De Morais, M.R.', ' De Morais, M.R.']"
 57216405534,"[' Moura, J.C.C.', ' Moura, J.C.C.', ' Moura, J.C.C.', ' Moura, J.C.C.']"
 57216405540,"[' Freire, C.R.', ' Freire, C.R.', ' Freire, C.R.', ' Freire, C.R.']"
 57216405721,"[' Barros, D.', ' Barros, D.']"
 57216506354,"[' Neto, S.F.G.', ' Neto, S.F.G.', ' Neto, S.F.G.', ' Neto, S.F.G.', ' Neto, S.F.G.']"
 57216799508,"[' Gomes, R.B.']"
 57217064749,"[' Morais, D.S.', ' Morais, D.S.', ' Morais, D.S.', ' Morais, D.S.', ' Morais, D.S.', ' Morais, D.S.']"
 57218100399,"[' Garcia, G.S.', ' Garcia, G.S.', ' Garcia, G.S.', ' Garcia, G.S.', ' Garcia, G.S.']"
 57218213320,"[' Oliveira, V.S.', ' Oliveira, V.S.']"
 57218879332,"[' Castro, T.B.', ' Castro, T.B.', ' Castro, T.B.']"
 57218882245,"[' Souza, G.F.', ' Souza, G.F.', ' Souza, G.F.']"
 57219800200,"[' Junior, J.G.D.', ' Junior, J.G.D.', ' Junior, J.G.D.', ' Junior, J.G.D.', ' Junior, J.G.D.', ' Junior, J.G.D.']"
 57220059007,"[' da Silva, M.W.B.']"
 57221681923,"[' Costa, H.J.D.', ' Costa, H.J.D.']"
 57221683731,"[' Aires, M.N.O.', ' Aires, M.N.O.']"
 57222558167,"[' Nery, D.', ' Nery, D.', ' Nery, D.', ' Nery, D.', ' Nery, D.']"
 57222580164,"[' Lins, H.C.', ' Lins, H.C.', ' Lins, H.C.', ' Lins, H.C.', ' Lins, H.W.C.']"
 57225443488,"[' Andrade, P.', ' Andrade, P.', ' Andrade, P.', ' Andrade, P.', ' Andrade, P.', ' Andrade, P.']"
 57225676790,"[' Cunha, M.E.', ' Cunha, M.E.']"
 57225688012,"[' Ferraro, P.', ' Ferraro, P.', ' Ferraro, P.', ' Ferraro, P.', ' Ferraro, P.', ' Ferraro, P.']"
 57225807895,"[' Basso, G.F.', ' Basso, G.F.', ' Basso, G.F.']"
 57225944507,"[' Oliveira, J.']"
 57226350378,"[' Lima, B.M.M.', ' Lima, B.M.M.', ' Lima, B.M.M.']"
 57226558248,"[' de A. Dantas, A.F.O.', ' de A. Dantas, A.F.O.']"
 57492933800,"[' Simes, A.S.', ' Simes, A.S.', ' Simes, A.S.']"
 57524231900,"[' Damasceno, A.', ' Damasceno, A.', ' Damasceno, A.']"
 6506039838,"[' Souani, C.', ' Souani, C.', ' Souani, C.', ' Souani, C.', ' Souani, C.']"
 6506394388,"[' Bessa, W.M.', ' Bessa, W.M.', ' Bessa, W.M.', ' Bessa, W.M.', ' Bessa, W.M.', ' Bessa, W.M.', ' Bessa, W.M.', ' Bessa, W.M.', ' Bessa, W.M.', ' Bessa, W.M.']"
 6506527036,"[' Depari, A.', ' Depari, A.', ' Depari, A.']"
 6506703324,"[' Capovilla, C.E.']"
 6507556555,"[' Di Tanna, G.', ' Di Tanna, G.']"
 6602150654,"[' Baiocchi, O.R.', ' Baiocchi, O.R.']"
 6602549353,"[' Maitelli, A.L.', ' Maitelli, A.L.', ' Maitelli, A.L.', ' Maitelli, A.L.', ' Maitelli, A.L.', ' Maitelli, A.L.', ' Maitelli, A.L.', ' Maitelli, A.L.', ' Maitelli, A.L.', ' Maitelli, A.L.', ' Maitelli, A.L.', ' Maitelli, A.', ' Maitelli, A.', ' Maitelli, A.', ' Maitelli, A.', ' Maitelli, A.', ' Maitelli, A.', ' Laurindo Maitelli, A.', ' Laurindo Maitelli, A.', ' Maitelli, A.L.', ' Maitelli, A.L.', ' Maitelli, A.L.', ' Maitelli, A.L.', ' Maitelli, A.L.', ' Maitelli, A.L.']"
 6602674444,"[' Catunda, S.Y.', ' Catunda, S.Y.', ' Catunda, S.Y.', ' Catunda, S.Y.', ' Catunda, S.Y.C.', ' Catunda, S.Y.C.', ' Catunda, S.Y.C.', ' Catunda, S.Y.C.', ' Catunda, S.Y.C.']"
 6602790210,"[' Bretas, A.S.', ' Bretas, A.S.']"
 6602815648,"[' Valderrama, C.', ' Valderrama, C.', ' Valderrama, C.', ' Valderrama, C.', ' Valderrama, C.']"
 6603070716,"[' Beigl, M.', ' Beigl, M.', ' Beigl, M.', ' Beigl, M.', ' Beigl, M.', ' Beigl, M.', ' Beigl, M.', ' Beigl, M.']"
 6603140967,"[' Seifried, R.', ' Seifried, R.', ' Seifried, R.', ' Seifried, R.', ' Seifried, R.']"
 6603585835,"[' Artíñano, B.', ' Artíñano, B.']"
 6603603627,"[' De Medeiros, M.F.', ' De Medeiros, M.F.', ' De Medeiros, M.F.', ' De Medeiros, M.F.', ' De Medeiros, M.F.', ' De Medeiros, M.F.', ' De Medeiros, M.F.', ' Medeiros, M.F.', ' Medeiros, M.F.', ' Medeiros, M.F.', ' Medeiros, M.F.', ' Medeiros, M.F.', ' Medeiros, M.F.']"
 6603627735,"[' Alsina, P.J.', ' Alsina, P.J.', ' Alsina, P.J.', ' Alsina, P.J.', ' Alsina, P.J.', ' Alsina, P.J.', ' Alsina, P.J.', ' Alsina, P.J.', ' Alsina, P.J.', ' Alsina, P.J.', ' Alsina, P.J.', ' Alsina, P.J.', ' Alsina, P.J.', ' Alsina, P.J.', ' Alsina, P.J.', ' Alsina, P.J.', ' Alsina, P.J.', ' Alsina, P.J.', ' Alsina, P.J.', ' Alsina, P.J.', ' Alsina, P.J.', ' Alsina, P.J.', ' Alsina, P.J.']"
 6603647208,"[' Gomes Neto, A.', ' Gomes Neto, A.', ' Gomes Neto, A.', ' Gomes Neto, A.', ' Neto, A.G.', ' Neto, A.G.', ' Neto, A.G.', ' Neto, A.G.', ' Neto, A.G.']"
 6603844872,"[' de Sousa, V.A.', ' de Sousa, V.A.', ' de Sousa, V.A.', ' de Sousa, V.A.', ' de Sousa, V.A.', ' de Sousa, V.A.', ' de Sousa, V.A.', ' De Sousa, V.A.', ' De Sousa, V.A.', ' De Sousa, V.A.', ' De Sousa, V.A.', ' Sousa, V.', ' Sousa, V.', ' Sousa, V.', ' Sousa, V.', ' Sousa, V.', ' de Sousa, V.A.', ' de Sousa, V.A.', ' de Sousa, V.A.', ' de Sousa, V.A.', ' de Sousa, V.A.', ' de Sousa, V.A.', ' de Sousa, V.A.', ' de Sousa, V.A.', ' de Sousa, V.A.', ' de Sousa, V.A.', ' de Sousa, V.A.', ' De Sousa, V.A.', ' De Sousa, V.A.', ' De Sousa, V.A.', ' De Sousa, V.A.', ' De Sousa, V.A.', ' de Sousa, V.A.', ' de Sousa, V.A.']"
 6701511111,"[' Dinis, R.']"
 6701515542,"[' De Mendonça, L.M.', ' Mendonça, L.M.']"
 6701545353,"[' De Gennaro, G.', ' De Gennaro, G.']"
 6701730449,"[' Peixeiro, C.', ' Peixeiro, C.', ' Peixeiro, C.', ' Peixeiro, C.', ' Peixeiro, C.', ' Peixeiro, C.', ' Peixeiro, C.', ' Peixeiro, C.', ' Peixeiro, C.']"
 7003690831,"[' Angelov, P.P.', ' Angelov, P.P.', ' Angelov, P.P.', ' Angelov, P.P.', ' Angelov, P.P.', ' Angelov, P.P.', ' Angelov, P.P.', ' Angelov, P.P.', ' Angelov, P.P.', ' Angelov, P.P.', ' Angelov, P.P.', ' Angelov, P.P.', ' Angelov, P.P.', ' Angelov, P.P.']"
 7003731569,"[' Flammini, A.', ' Flammini, A.']"
 7003831693,"[' Monroy, I.T.']"
 7003867939,"[' Desarbo, W.S.', ' Desarbo, W.S.', ' Desarbo, W.S.']"
 7004083401,"[' Pinheiro, R.', ' Pinheiro, R.', ' Pinheiro, R.', ' Pinheiro, R.', ' Pinheiro, R.', ' Pinheiro, R.']"
 7004096252,"[' Dórea, C.E.T.', ' Dórea, C.E.T.', ' Dórea, C.E.T.', ' Dórea, C.E.T.', ' Dórea, C.E.T.', ' Dórea, C.E.T.', ' Dórea, C.E.T.', ' Dórea, C.E.T.', ' Dórea, C.E.T.', ' Dórea, C.E.T.', ' Dórea, C.E.T.', ' Dórea, C.E.T.', ' Dórea, C.E.T.', ' Dorea, C.E.T.', ' Dorea, C.E.T.', ' Dorea, C.E.T.', ' Dórea, C.E.T.', ' Dórea, C.E.T.', ' Dórea, C.E.T.', ' Dórea, C.E.T.', ' Dórea, C.E.T.', ' Dórea, C.E.T.', ' Dórea, C.E.T.', ' Dórea, C.E.T.', ' Dórea, C.E.T.', ' Dórea, C.E.T.', ' Dórea, C.E.T.', ' Dórea, C.E.T.', ' Dórea, C.E.T.', ' Dórea, C.E.T.', ' Dórea, C.E.T.', ' Dórea, C.E.T.', ' Dórea, C.E.T.', ' Dórea, C.E.T.', ' Dórea, C.E.T.', ' Dórea, C.E.T.', ' Dórea, C.E.T.', ' Dórea, C.E.T.', ' Dórea, C.E.T.', ' Dorea, C.E.T.', ' Dorea, C.E.T.', ' Dorea, C.E.T.', ' Dórea, C.E.T.', ' Dórea, C.E.T.', ' Dórea, C.E.T.', ' Dórea, C.E.T.']"
 7004474343,"["" D'Assunção, A.G."", "" D'Assunção, A.G."", "" D'Assunção, A.G."", "" D'Assunção, A.G."", "" D'Assunção, A.G."", "" D'Assunção, A.G."", "" D'Assuncao, A.G."", "" D'Assuncao, A.G."", "" D'Assuncao, A.G."", ' Dassuncao, A.G.', ' Dassuncao, A.G.', ' Dassuncao, A.G.', "" D'Assunção, A.G."", "" D'Assunção, A.G."", "" D'Assunção, A.G."", "" D'Assunção, A.G."", "" D'Assuncao, A.G."", "" D'Assuncao, A.G."", "" D'Assuncao, A.G."", "" D'Assuncao, A.G."", "" D'Assunção, A.G.""]"
 7004578962,"[' Ben Khalifa, K.', ' Ben Khalifa, K.']"
 7004906590,"[' Barone, D.A.C.', ' Barone, D.A.C.', ' Barone, D.A.C.', ' Barone, D.A.C.']"
 7005071866,"[' Kreuzer, E.', ' Kreuzer, E.', ' Kreuzer, E.', ' Kreuzer, E.', ' Kreuzer, E.', ' Kreuzer, E.', ' Kreuzer, E.', ' Kreuzer, E.', ' Kreuzer, E.', ' Kreuzer, E.', ' Kreuzer, E.', ' Kreuzer, E.', ' Kreuzer, E.']"
 7005447974,"[' Medeiros, A.A.D.', ' Medeiros, A.A.D.', ' Medeiros, A.A.D.', ' Medeiros, A.A.D.', ' Medeiros, A.A.D.', ' Medeiros, A.A.D.', ' Medeiros, A.A.D.', ' Medeiros, A.A.D.']"
 7005511583,"[' Miani, A.', ' Miani, A.', ' Miani, A.', ' Miani, A.', ' Miani, A.']"
 7005800340,"[' Casella, I.R.S.']"
 7006200628,"[' da Silva, N.F.', ' da Silva, N.F.', ' da Silva, N.F.', ' da Silva, N.F.', ' da Silva, N.F.']"
 7007171277,"[' Baudrand, H.', ' Baudrand, H.', ' Baudrand, H.']"
 7101872308,"[' Dias, M.A.G.', ' Dias, M.A.G.']"
 7102252875,"[' Dutta, R.', ' Dutta, R.', ' Dutta, R.']"
 7102288193,"[' Dagenais, M.R.', ' Dagenais, M.R.']"
 7102422753,"[' Salazar, A.', ' Salazar, A.', ' Salazar, A.O.', ' Salazar, A.O.', ' Salazar, A.O.', ' Salazar, A.O.', ' Salazar, A.O.', ' Salazar, A.O.', ' Salazar, A.O.', ' Salazar, A.O.', ' Salazar, A.O.', ' Salazar, A.O.', ' Salazar, A.O.', ' Salazar, A.O.', ' Salazar, A.O.', ' Salazar, A.O.', ' Salazar, A.O.', ' Salazar, A.O.', ' Salazar, A.O.', ' Salazar, A.O.', ' Salazar, A.O.', ' Salazar, A.O.']"
 7102618949,"[' Neto, A.D.D.', ' Neto, A.D.D.', ' Neto, A.D.D.', ' Neto, A.D.D.', ' Dória Neto, A.D.', ' Dória Neto, A.D.', ' Duarte Doria Neto, A.', ' Duarte Doria Neto, A.', ' Neto, A.D.D.', ' Neto, A.D.D.', ' Neto, A.D.D.', ' Neto, A.D.D.', ' Neto, A.D.D.', ' Neto, A.D.D.', ' Neto, A.D.D.']"
 7202452422,"[' de Oliveira, J.B.L.', ' de Oliveira, J.B.L.', ' de Oliveira, J.B.L.', ' de Oliveira, J.B.L.', ' Oliveira, J.B.L.']"
 7202534599,"[' Ribeiro, R.L.A.', ' Ribeiro, R.L.A.', ' Ribeiro, R.L.D.A.', ' Ribeiro, R.L.D.A.', ' Ribeiro, R.L.A.', ' Ribeiro, R.L.A.', ' Ribeiro, R.L.A.', ' Ribeiro, R.L.A.', ' Ribeiro, R.L.A.', ' Ribeiro, R.L.D.A.', ' Ribeiro, R.L.D.A.', ' Ribeiro, R.L.A.', ' Ribeiro, R.L.A.', ' Ribeiro, R.L.A.']"
 7202738653,"[' Carvalho, J.B.P.', ' Carvalho, J.B.P.', ' Carvalho, J.B.P.', ' Carvalho, J.B.P.', ' Carvalho, J.B.P.', ' Carvalho, J.B.P.']"
 7202947679,"[' Fernandes, M.A.C.', ' Fernandes, M.A.C.', ' Fernandes, M.A.C.', ' Fernandes, M.A.C.', ' Fernandes, M.A.C.', ' Fernandes, M.A.C.', ' Fernandes, M.A.C.', ' Fernandes, M.A.C.', ' Fernandes, M.A.C.', ' Fernandes, M.A.C.', ' Fernandes, M.A.C.', ' Fernandes, M.A.C.', ' Fernandes, M.A.C.', ' Fernandes, M.A.C.', ' Fernandes, M.A.C.', ' Fernandes, M.A.C.', ' Fernandes, M.A.C.', ' Fernandes, M.A.C.', ' Fernandes, M.A.C.', ' Fernandes, M.A.C.', ' Fernandes, M.A.C.', ' Fernandes, M.A.C.', ' Fernandes, M.A.C.', ' Fernandes, M.A.C.', ' Fernandes, M.A.C.', ' Fernandes, M.A.C.', ' Fernandes, M.A.C.', ' Fernandes, M.A.C.', ' Fernandes, M.A.C.', ' Fernandes, M.A.C.', ' Fernandes, M.A.C.', ' Fernandes, M.A.C.', ' Fernandes, M.A.C.', ' Fernandes, M.A.C.', ' Fernandes, M.A.C.', ' Fernandes, M.A.C.', ' Fernandes, M.A.C.', ' Fernandes, M.A.C.', ' Fernandes, M.A.C.', ' Fernandes, M.A.C.', ' Fernandes, M.A.C.', ' Fernandes, M.A.C.', ' Fernandes, M.A.C.', ' Fernandes, M.A.C.', ' Fernandes, M.A.C.', ' Fernandes, M.A.C.', ' Fernandes, M.A.C.', ' Fernandes, M.A.C.', ' Fernandes, M.A.C.', ' Fernandes, M.A.C.', ' Fernandes, M.A.C.', ' Fernandes, M.A.C.', ' Fernandes, M.A.C.', ' Fernandes, M.A.C.', ' Fernandes, M.A.C.', ' Fernandes, M.A.C.', ' Fernandes, M.A.C.']"
 7403252405,"[' Ferreira, J.C.', ' Ferreira, J.C.', ' Ferreira, J.C.', ' Ferreira, J.C.', ' Ferreira, J.C.', ' Ferreira, J.C.', ' Ferreira, J.C.', ' Ferreira, J.C.']"
 7801645972,"[' Xavier-De-Souza, S.', ' Xavier-De-Souza, S.', ' Xavier-De-Souza, S.', ' Xavier-de-Souza, S.', ' Xavier-de-Souza, S.', ' Xavier-de-Souza, S.', ' Xavier-de-Souza, S.', ' Xavier-de-Souza, S.', ' Xavier-De-Souza, S.', ' Xavier-De-Souza, S.', ' Xavier-De-Souza, S.', ' Xavier-De-Souza, S.', ' Xavier-De-Souza, S.', ' Xavier-De-Souza, S.']"
 8284527400,"[' Chaves, F.S.', ' Chaves, F.S.']"
 8293027500,"[' Amory, A.M.', ' Amory, A.M.', ' Amory, A.M.', ' Amory, A.M.', ' Amory, A.M.', ' Amory, A.M.', ' Amory, A.', ' Amory, A.', ' Amory, A.', ' Amory, A.', ' Amory, A.', ' Amory, A.']"
 8541307300,"[' Taleb, A.C.', ' Taleb, A.C.', ' Taleb, A.C.', ' Taleb, A.C.']"
 8561556100,"[' Bedoui, M.H.', ' Bedoui, M.H.']"
 8776554000,"[' Patrocinio Da Silva, J.', ' Patrocinio Da Silva, J.', ' da Silva, J.P.', ' da Silva, J.P.', ' da Silva, J.P.', ' da Silva, J.P.', ' da Silva, J.P.']"
 8843298100,"[' Gonçalves, L.M.G.', ' Gonçalves, L.M.G.', ' Gonçalves, L.M.G.', ' Gonçalves, L.M.G.', ' Gonçalves, L.M.G.', ' Gonçalves, L.M.G.', ' Gonçalves, L.M.', ' Gonçalves, L.M.', ' Gonçalves, L.M.G.', ' Gonçalves, L.M.G.', ' Gonçalves, L.M.G.', ' Gonçalves, L.M.G.', ' Gonçalves, L.M.G.', ' Gonçalves, L.M.G.', ' Gonçalves, L.M.G.', ' Gonçalves, L.M.G.', ' Gonçalves, L.M.G.', ' Gonçalves, L.M.G.', ' Gonçalves, L.M.G.', ' Gonçalves, L.M.G.', ' Gonçalves, L.M.G.', ' Gonçalves, L.M.', ' Gonçalves, L.M.', ' Gonçalves, L.M.', ' Gonçalves, L.M.', ' Gonçalves, L.M.', ' Gonçalves, L.M.', ' Gonçalves, L.M.G.', ' Gonçalves, L.M.G.', ' Gonçalves, L.M.G.', ' Gonçalves, L.M.G.', ' Gonçalves, L.M.G.', ' Gonçalves, L.M.G.', ' Gonçalves, L.M.G.', ' Gonçalves, L.M.G.', ' Gonçalves, L.M.G.', ' Gonçalves, L.M.G.', ' Gonçalves, L.M.G.', ' Gonçalves, L.M.G.', ' Gonçalves, L.M.G.', ' Gonçalves, L.M.G.', ' Gonçalves, L.M.G.', ' Gonçalves, L.M.G.', ' Goncalves, L.M.G.', ' Goncalves, L.M.G.', ' Goncalves, L.M.G.', ' Gonçalves, L.M.G.', ' Gonçalves, L.M.G.', ' Gonçalves, L.M.G.', ' Gonçalves, L.M.G.', ' Gonçalves, L.M.G.', ' Gonçalves, L.M.G.', ' Goncalves, L.M.G.', ' Goncalves, L.M.G.', ' Goncalves, L.M.G.', ' Gonsalves, L.M.G.', ' Gonsalves, L.M.G.', ' Gonçalves, L.M.G.', ' Gonçalves, L.M.G.', ' Gonçalves, L.M.G.', ' Gonçalves, L.M.G.', ' Gonçalves, L.M.G.', ' Garcia Goncalves, L.M.', ' Garcia Goncalves, L.M.', ' Gonçalves, L.M.G.', ' Gonçalves, L.M.G.', ' Gonçalves, L.M.G.', ' Gonçalves, L.M.G.', ' Gonçalves, L.M.G.', ' Gonçalves, L.M.G.', ' Goncalves, L.M.G.', ' Goncalves, L.M.G.', ' Goncalves, L.M.G.', ' Goncalves, L.M.G.', ' Goncalves, L.M.G.', ' Goncalves, L.M.G.', ' Gonçalves, L.M.G.', ' Gonçalves, L.M.G.', ' Goncalves, L.M.G.', ' Goncalves, L.M.G.', ' Goncalves, L.M.G.', ' Goncalves, L.M.G.', ' Goncalves, L.M.G.', ' Goncalves, L.M.G.', ' Garcia Gonçalves, L.M.', ' Garcia Gonçalves, L.M.', ' Garcia Gonçalves, L.M.', ' Garcia Gonçalves, L.M.', ' Garcia Gonçalves, L.M.', ' Garcia Gonçalves, L.M.', ' Goncalves, L.M.G.', ' Goncalves, L.M.G.', ' Goncalves, L.M.G.', ' Gonalves, L.M.G.', ' Gonalves, L.M.G.', ' Gonalves, L.M.G.', ' Gonçalves, L.M.G.', ' Gonçalves, L.M.G.', ' Gonçalves, L.M.G.', ' Gonçalves, L.M.G.', ' Gonçalves, L.M.G.', ' Gonçalves, L.M.G.', ' Goncalves, L.M.G.', ' Goncalves, L.M.G.', ' Goncalves, L.M.G.', ' Gonçalves, L.M.G.', ' Gonçalves, L.M.G.', ' Gonçalves, L.M.G.', ' Gonçalves, L.M.G.', ' Garcia Goncalves, L.M.', ' Garcia Goncalves, L.M.', ' Gonçalves, L.M.G.', ' Gonçalves, L.M.G.', ' Gonçalves, L.M.G.', ' Gonçalves, L.M.G.']"
 9744170000,"[' Silva, K.M.', ' Silva, K.M.', ' Silva, K.M.', ' Silva, K.M.', ' Silva, K.M.', ' Silva, K.M.', ' Silva, K.M.', ' Silva, K.M.']"
12759644500,"['Aloise, D.', 'Aloise, D.', 'Aloise, D.', 'Aloise, D.']"
15849699800,"['Souza, A.', 'Souza, A.', 'Souza, A.', 'Souza, A.']"
18038159700,"['Nascimento, T.P.', 'Nascimento, T.P.', 'Nascimento, T.P.', 'Nascimento, T.P.', 'Nascimento, T.P.', 'Nascimento, T.P.', 'Nascimento, T.P.', 'Do Nascimento, T.P.', 'Do Nascimento, T.P.', 'Do Nascimento, T.P.']"
22333585200,"['Costa, F.B.', 'Costa, F.B.', 'Costa, F.B.', 'Costa, F.B.', 'Costa, F.B.', 'Costa, F.B.']"
23991424200,"['Rodrigues, E.J.B.']"
24280915800,"['Blanchard, S.J.', 'Blanchard, S.J.', 'Blanchard, S.J.']"
24478818300,"['Memmolo, P.', 'Memmolo, P.', 'Memmolo, P.', 'Memmolo, P.', 'Memmolo, P.', 'Memmolo, P.']"
24490519000,"['Aroca, R.V.', 'Aroca, R.V.', 'Aroca, R.V.']"
24722389500,"['Silva, D.R.C.', 'Silva, D.R.C.', 'Silva, D.R.C.', 'Silva, D.R.C.', 'Silva, D.R.C.']"
24777116800,"['Sisinni, E.', 'Sisinni, E.']"
25122100700,"['Costa, B.S.J.', 'Costa, B.S.J.', 'Costa, B.S.J.']"
25825321500,"['Lynn, T.', 'Lynn, T.', 'Lynn, T.', 'Lynn, T.']"
26667560800,"['Barros, R.P.', 'Barros, R.P.']"
35105651100,"['Paravisi, M.', 'Paravisi, M.', 'Paravisi, M.', 'Paravisi, M.', 'Paravisi, M.', 'Paravisi, M.']"
35519411300,"['Costa, D.G.', 'Costa, D.G.', 'Costa, D.G.']"
35772365700,"['Firmino, M.', 'Firmino, M.', 'Firmino, M.', 'Firmino, M.']"
36175720000,"['Jorge, V.A.M.', 'Jorge, V.A.M.', 'Jorge, V.A.M.', 'Jorge, V.A.M.', 'Jorge, V.A.M.', 'Jorge, V.A.M.']"
36808912600,"['Araújo, J.M.', 'Araújo, J.M.', 'Araújo, J.M.', 'Araújo, J.M.', 'Araújo, J.M.', 'Araújo, J.M.', 'Araújo, J.M.', 'Araújo, J.M.', 'Araújo, J.M.', 'Araújo, J.M.', 'Araújo, J.M.', 'Araújo, J.M.']"
36959429300,"['Blaiech, A.G.', 'Blaiech, A.G.']"
41262081900,"['Padilha, C.A.D.A.', 'Padilha, C.A.D.A.', 'Padilha, C.A.D.A.', 'Padilha, C.A.D.A.']"
55191031900,"['Albuquerque, G.L.A.', 'Albuquerque, G.L.A.', 'Albuquerque, G.L.A.']"
55312645300,"['Ribeiro-Dantas, M.D.C.']"
55314704100,"['Bezerra, C.G.', 'Bezerra, C.G.', 'Bezerra, C.G.', 'Bezerra, C.G.', 'Bezerra, C.G.', 'Bezerra, C.G.', 'Bezerra, C.G.', 'Bezerra, C.G.', 'Bezerra, C.G.', 'Bezerra, C.G.', 'Bezerra, C.G.']"
55538204200,"['Da Silva, B.M.F.', 'Da Silva, B.M.F.']"
55569752100,"['Carvalho Neto, J.T.', 'Carvalho Neto, J.T.', 'de Carvalho Neto, J.T.', 'De Carvalho Neto, J.T.', 'De Carvalho Neto, J.T.', 'De Carvalho Neto, J.T.']"
55700698000,"['Lopes, F.V.', 'Lopes, F.V.']"
55762821500,"['Abinader, F.M.', 'Abinader, F.M.']"
55762921400,"['Bezerra, N.S.', 'Bezerra, N.S.', 'Bezerra, N.S.', 'Bezerra, N.S.', 'Bezerra, N.S.', 'Bezerra, N.S.', 'Bezerra, N.S.', 'Bezerra, N.S.', 'Bezerra, N.S.', 'Bezerra, N.S.']"
55763633400,"['Fontes, A.I.R.', 'Fontes, A.I.R.', 'Fontes, A.I.R.']"
55826307000,"['Souza, F.C.']"
55908415500,"['Neto, V.P.S.', 'Neto, V.P.S.', 'Neto, V.P.S.', 'Silva Neto, V.P.']"
55926126500,"['Minervino, D.R.', 'Minervino, D.R.', 'Minervino, D.R.', 'Minervino, D.R.']"
56022590800,"['Filho, S.E.A.', 'Filho, S.E.A.', 'Filho, S.E.A.', 'Alves Filho, S.E.', 'Alves Filho, S.E.']"
56022652300,"['Dantas, A.D.O.D.S.', 'Dantas, A.D.O.D.S.', 'Dantas, A.D.O.D.S.', 'Dantas, A.D.O.S.', 'Dantas, A.D.O.S.', 'Dantas, A.D.O.S.', 'Dantas, A.D.O.S.', 'Dantas, A.D.O.S.']"
56022953900,"['Cruz, A.S.', 'Cruz, A.S.', 'Cruz, A.S.', 'Cruz, A.S.']"
56031625500,"['Santi, É.', 'Santi, É.', 'Santi, É.', 'Santi, É.']"
56132137800,"['Taveiros, F.E.V.', 'Taveiros, F.E.V.']"
56258397000,"['De Sousa, T.F.B.']"
56271862700,"['Gloger, M.', 'Gloger, M.', 'Gloger, M.', 'Gloger, M.']"
56364842100,"['Pasetti, M.', 'Pasetti, M.', 'Pasetti, M.', 'Pasetti, M.', 'Pasetti, M.', 'Pasetti, M.']"
56414005500,"['Pinto, J.E.M.G.', 'Pinto, J.E.M.G.', 'Pinto, J.E.M.G.', 'Pinto, J.E.M.G.']"
56428717400,"['Cavalcante, L.C.P.']"
56496203000,"['Costa, L.F.', 'Costa, L.F.', 'Costa, L.F.', 'Costa, L.F.']"
56521226700,"['Melo, N.B.', 'Melo, N.B.', 'Melo, N.B.', 'Melo, N.B.']"
56573569700,"['da Silva, I.B.T.', 'da Silva, I.B.T.', 'da Silva, I.B.T.', 'da Silva, I.B.T.']"
56597608500,"['Alves, D.K.', 'Alves, D.K.', 'Alves, D.K.', 'Alves, D.K.', 'Alves, D.K.', 'Alves, D.K.']"
56597645600,"['Paiva, S.C.', 'Paiva, S.C.']"
56649607000,"['Barbosa, R.D.M.']"
56682494000,"['Fernandes, J.F.', 'Fernandes, J.F.']"
56682611600,"['Medeiros, R.P.', 'Medeiros, R.P.', 'Medeiros, R.P.', 'Medeiros, R.P.', 'Medeiros, R.P.', 'Medeiros, R.P.']"
56734196500,"['Junior, J.C.V.S.', 'Junior, J.C.V.S.', 'Junior, J.C.V.S.', 'Junior, J.C.V.S.', 'Junior, J.C.V.S.', 'Junior, J.C.V.S.']"
56785091400,"['Fernandes, J.D.', 'Fernandes, J.D.', 'Fernandes, J.D.', 'Fernandes, J.D.', 'Fernandes, J.D.']"
56804318900,"['De Oliveira, A.V.F.M.', 'De Oliveira, A.V.F.M.', 'De Oliveira, A.V.F.M.', 'De Oliveira, A.V.F.M.']"
57148262600,"['Montalvão, E.S.R.', 'Montalvão, E.S.R.', 'Montalvão, E.S.R.', 'Montalvão, E.S.R.']"
57150810600,"['Georgiou, K.', 'Georgiou, K.', 'Georgiou, K.', 'Georgiou, K.']"
57188968420,"['Souto, L.A.V.', 'Souto, L.A.V.', 'Souto, L.A.V.', 'Souto, L.A.V.', 'Souto, L.A.V.', 'Souto, L.A.V.']"
57188978012,"['Silva Júnior, P.F.', 'Silva Júnior, P.F.', 'Silva Júnior, P.F.', 'Silva Júnior, P.F.']"
57189056311,"['Wanderley, B.M.S.', 'Wanderley, B.M.S.', 'Wanderley, B.M.S.', 'Wanderley, B.M.S.', 'Wanderley, B.M.S.']"
57189226611,"['Chaves, E.R.Q.', 'Chaves, E.R.Q.', 'Chaves, E.R.Q.', 'Chaves, E.R.Q.', 'Chaves, E.R.Q.', 'Chaves, E.R.Q.']"
57189376958,"['Borges, J.', 'Borges, J.', 'Borges, J.', 'Borges, J.', 'Borges, J.', 'Borges, J.', 'Borges, J.', 'Borges, J.']"
57189465559,"['Souza, E.A.M.']"
57189469212,"['Filgueira, J.D.B.', 'Filgueira, J.D.B.', 'Filgueira, J.D.B.', 'Filgueira, J.D.B.']"
57190003678,"['Arrais Junior, E.', 'Arrais Junior, E.']"
57190174425,"['Vieira, R.G.', 'Vieira, R.G.', 'Vieira, R.G.', 'Vieira, R.G.', 'Vieira, R.G.', 'Vieira, R.G.', 'Vieira, R.G.', 'Vieira, R.G.', 'Vieira, R.G.', 'Vieira, R.G.', 'Vieira, R.G.']"
57190426813,"['Guimaraes, J.P.F.', 'Guimaraes, J.P.F.', 'Guimaraes, J.P.F.', 'Guimarães, J.P.F.', 'Guimarães, J.P.F.', 'Guimarães, J.P.F.']"
57190606005,"['Santos, D.', 'Santos, D.', 'Santos, D.', 'dos Santos, D.H.', 'dos Santos, D.H.', 'dos Santos, D.H.']"
57190608444,"['da Silva Junior, A.G.', 'da Silva Junior, A.G.', 'da Silva Junior, A.G.', 'da Silva Junior, A.G.', 'da Silva Junior, A.G.', 'da Silva Junior, A.G.', 'Da Silva Junior, A.G.', 'Da Silva Junior, A.G.', 'Da Silva Junior, A.G.', 'Da Silva Junior, A.G.', 'Da Silva Junior, A.G.', 'Da Silva Junior, A.G.']"
57190952645,"['Galvão-Lima, L.J.', 'Galvão-Lima, L.J.', 'Galvão-Lima, L.J.', 'Galvão-Lima, L.J.']"
57191095950,"['Rojas, O.', 'Rojas, O.']"
57192064454,"['de Sena, F.C.B.']"
57192229235,"['Leite, E.J.S.', 'Leite, E.J.S.']"
57192236386,"['Campos, V.P.', 'Campos, V.P.', 'Campos, V.P.', 'Campos, V.P.']"
57192428732,"['Bertelli, G.', 'Bertelli, G.']"
57192693306,"['Costa, M.L.', 'Costa, M.L.']"
57192706526,"['De Fatima Do Nascimento Silva, F.', 'De Fatima Do Nascimento Silva, F.']"
57192920994,"['Signoretti, G.', 'Signoretti, G.', 'Signoretti, G.', 'Signoretti, G.', 'Signoretti, G.', 'Signoretti, G.', 'Signoretti, G.', 'Signoretti, G.', 'Signoretti, G.', 'Signoretti, G.', 'Signoretti, G.', 'Signoretti, G.', 'Signoretti, G.', 'Signoretti, G.', 'Signoretti, G.', 'Signoretti, G.', 'Signoretti, G.']"
57193057563,"['Silveira, Y.S.', 'Silveira, Y.S.', 'Silveira, Y.S.', 'Silveira, Y.S.']"
57193065380,"['Filho, J.G.B.F.', 'Filho, J.G.B.F.', 'Filho, J.G.B.F.', 'Filho, J.G.B.F.']"
57193753398,"['Oliveira, P.S.', 'Oliveira, P.S.', 'Oliveira, P.S.', 'Oliveira, P.S.']"
57194409298,"['Araujo, F.F.', 'Araujo, F.F.', 'Araujo, F.F.', 'Araujo, F.F.']"
57194552463,"['Džamić, D.', 'Džamić, D.']"
57194633011,"['Costa, L.R.', 'Costa, L.R.', 'Costa, L.R.', 'Costa, L.R.', 'Costa, L.R.', 'Costa, L.R.']"
57194700787,"['Santos, E.P.']"
57195277194,"['Ferrari, P.', 'Ferrari, P.', 'Ferrari, P.']"
57195314921,"['Torquato, M.F.', 'Torquato, M.F.']"
57195577525,"['Pereira, I.G.', 'Pereira, I.G.', 'Pereira, I.G.']"
57195960665,"['Santos, G.L.', 'Santos, G.L.', 'Santos, G.L.', 'Santos, G.L.', 'Santos, G.L.', 'Santos, G.L.']"
57196081200,"['Cavalcanti, B.J.']"
57196320676,"['Gentil De Araujo Filho, F.', 'Gentil De Araujo Filho, F.']"
57196321222,"['Soares, K.P.', 'Soares, K.P.']"
57197817200,"['Mariz, F.B.A.R.', 'Mariz, F.B.A.R.', 'Mariz, F.B.A.R.', 'Mariz, F.B.A.R.', 'Mariz, F.B.A.R.']"
57201013247,"['Sabug, L.', 'Sabug, L.']"
57201255828,"['Borges, R.E.P.', 'Borges, R.E.P.']"
57201472494,"['Medeiros Rocha, M.', 'Medeiros Rocha, M.']"
57201746181,"['Gonçalves-E-Silva, K.']"
57202047395,"['Noronha, D.H.', 'Noronha, D.H.', 'Noronha, D.H.', 'Noronha, D.H.']"
57202465438,"['Belabed, T.', 'Belabed, T.', 'Belabed, T.', 'Belabed, T.', 'Belabed, T.']"
57202496125,"['Silva, M.R.', 'Silva, M.R.', 'Silva, M.R.', 'Silva, M.R.', 'Silva, M.R.', 'Silva, M.R.', 'Silva, M.R.', 'Silva, M.R.']"
57202497625,"['Xavier, R.S.', 'Xavier, R.S.', 'Xavier, R.S.']"
57202609106,"['Pereira, D.S.', 'Pereira, D.S.', 'Pereira, D.S.']"
57203024393,"['Oliveira, F.F.', 'Oliveira, F.F.', 'Oliveira, F.F.', 'Oliveira, F.F.', 'Oliveira, F.F.', 'Oliveira, F.F.']"
57203054843,"['Marques da Silva, D.', 'Marques da Silva, D.']"
57203121220,"['Nunes, E.A.F.', 'Nunes, E.A.F.', 'Nunes, E.A.F.']"
57203183985,"['Lima, A.D.L.', 'Lima, A.D.L.', 'Lima, A.D.L.']"
57203333891,"['da Silva, P.C.L.', 'da Silva, P.C.L.', 'da Silva, P.C.L.']"
57203386190,"['Hulot, P.', 'Hulot, P.']"
57203387044,"['Leal, M.M.', 'Leal, M.M.']"
57203942338,"['Ortiz, L.E.', 'Ortiz, L.E.']"
57203942641,"['Cabrera, E.V.', 'Cabrera, E.V.', 'Cabrera, E.V.', 'Cabrera, E.V.', 'Cabrera, E.V.']"
57205055291,"['Silva, C.A.D.', 'Silva, C.A.D.', 'Silva, C.A.D.', 'Silva, C.A.D.', 'Silva, C.A.D.']"
57205114423,"['de Barros Filho, I.E.', 'de Barros Filho, I.E.', 'de Barros Filho, I.E.', 'de Barros Filho, I.E.', 'de Barros Filho, I.E.', 'de Barros Filho, I.E.']"
57205121703,"['Da Silva, L.M.D.', 'Da Silva, L.M.D.', 'Da Silva, L.M.D.']"
57205347855,"['de Santana, P.M.', 'Santana, P.M.D.', 'Santana, P.M.D.', 'Santana, P.M.D.', 'Santana, P.M.D.', 'Santana, P.M.D.']"
57205490997,"['Paiva, J.L.S.']"
57205543492,"['Nolasco, D.H.S.', 'Nolasco, D.H.S.', 'Nolasco, D.H.S.', 'Nolasco, D.H.S.']"
57205730101,"['Lima, G.S.', 'Lima, G.S.', 'Lima, G.S.', 'Lima, G.S.', 'Lima, G.S.', 'Lima, G.S.']"
57205887841,"['Andrade, A.', 'Andrade, A.', 'Andrade, A.', 'Andrade, A.', 'Andrade, A.', 'Andrade, A.']"
57207301320,"['Simões, L.D.', 'Simões, L.D.']"
57207807053,"['Silva, M.', 'Silva, M.', 'Silva, M.', 'Silva, M.', 'Silva, M.', 'Silva, M.', 'Silva, M.', 'Da Silva, M.B.D.', 'Da Silva, M.B.D.', 'Da Silva, M.B.D.', 'Da Silva, M.B.D.', 'Da Silva, M.B.D.']"
57208260908,"['Coutinho, M.G.F.', 'Coutinho, M.G.F.', 'Coutinho, M.G.F.']"
57208327846,"['Fernandes, F.', 'Fernandes, F.']"
57208817679,"['da Costa, J.A.', 'da Costa, J.A.', 'da Costa, J.A.', 'da Costa, J.A.', 'da Costa, J.A.']"
57208820417,"['Alves, G.', 'Alves, G.', 'Alves, G.', 'Alves, G.', 'Alves, G.', 'Alves, G.']"
57209105086,"['Araújo, Í.B.Q.', 'Araújo, Í.B.Q.', 'Araújo, Í.B.Q.', 'Araújo, Í.B.Q.']"
57209296947,"['Ramos, T.', 'Ramos, T.', 'Ramos, T.', 'Ramos, T.', 'Ramos, T.', 'Ramos, T.']"
57209687458,"['Fernandes, E.M.F.']"
57209738451,"['Bezerra, A.', 'Bezerra, A.', 'Bezerra, A.', 'Bezerra, A.', 'Bezerra, A.']"
57209855400,"['Pena, D.', 'Pena, D.', 'Pena, D.', 'Pena, D.', 'Pena, D.']"
57210151112,"['Lopes, F.F.', 'Lopes, F.F.', 'Lopes, F.F.', 'Lopes, F.F.', 'Lopes, F.F.']"
57210792330,"['Fournier, Q.', 'Fournier, Q.', 'Fournier, Q.']"
57210840625,"['Camboim, M.M.', 'Camboim, M.M.']"
57210842815,"['Mesquita, M.D.S.']"
57211263761,"['Silva, N.F.']"
57211266139,"['Câmara, T.V.R.O.', 'Câmara, T.V.R.O.', 'Câmara, T.V.R.O.']"
57211270481,"['Dantas, N.J.B.', 'Dantas, N.J.B.', 'Dantas, N.J.B.']"
57211576667,"['Da Costa, A.L.X.']"
57211848574,"['Barros, T.M.', 'Barros, T.M.', 'Barros, T.M.']"
57211978731,"['De Freitas Nunes, E.A.', 'De Freitas Nunes, E.A.', 'De Freitas Nunes, E.A.']"
57211991683,"['Silva, A.', 'Silva, A.', 'Silva, A.', 'Silva, A.']"
57212746380,"['Vilas Boas, J.M.', 'Vilas Boas, J.M.', 'Vilas Boas, J.M.', 'Vilas Boas, J.M.']"
57213001300,"['Oliveira, J.G.D.', 'Oliveira, J.G.D.', 'Oliveira, J.G.D.', 'Oliveira, J.G.D.', 'Oliveira, J.G.D.', 'Oliveira, J.G.D.', 'Oliveira, J.G.D.', 'Oliveira, J.G.D.', 'Oliveira, J.G.D.', 'Oliveira, J.G.D.', 'Oliveira, J.G.D.', 'Oliveira, J.G.D.']"
57213933794,"['Da Cruz, M.C.S.', 'Da Cruz, M.C.S.']"
57214675881,"['Neto, J.M.C.', 'Neto, J.M.C.', 'Neto, J.M.C.', 'Neto, J.M.C.', 'Neto, J.M.C.']"
57215310489,"['Furtunato, A.F.A.', 'Furtunato, A.F.A.', 'Furtunato, A.F.A.']"
57216084309,"['Dias, L.A.', 'Dias, L.A.', 'Dias, L.A.']"
57216152589,"['Lima Filho, F.S.D.', 'Lima Filho, F.S.D.']"
57216405721,"['Barros, D.M.S.', 'Barros, D.M.S.', 'Barros, D.M.S.', 'Barros, D.M.S.']"
57216582037,"['Flor, D.', 'Flor, D.', 'Flor, D.', 'Flor, D.', 'Flor, D.', 'Flor, D.']"
57217063870,"['Barros, W.K.P.', 'Barros, W.K.P.', 'Barros, W.K.P.', 'Barros, W.K.P.', 'Barros, W.K.P.', 'Barros, W.K.P.']"
57217246368,"['Paiva, S.B.', 'Paiva, S.B.', 'Paiva, S.B.']"
57218877135,"['Costa, R.D.', 'Costa, R.D.', 'Costa, R.D.']"
57219048455,"['Lima, G.F.', 'Lima, G.F.', 'Lima, G.F.', 'Lima, G.F.', 'Lima, G.F.', 'Lima, G.F.']"
57219986794,"['Gassais, R.', 'Gassais, R.']"
57220059007,"['Silva, M.W.B.', 'Silva, M.W.B.', 'Silva, M.W.B.', 'Silva, M.W.B.']"
57220182434,"['Oliveira, F.', 'Oliveira, F.', 'Oliveira, F.', 'Oliveira, F.', 'Oliveira, F.']"
57225673487,"['Santos, R.M.S.', 'Santos, R.M.S.', 'Santos, R.M.S.']"
6506394388,"['Bessa, W.M.', 'Bessa, W.M.', 'Bessa, W.M.', 'Bessa, W.M.', 'Bessa, W.M.', 'Bessa, W.M.', 'Bessa, W.M.', 'Bessa, W.M.', 'Bessa, W.M.', 'Bessa, W.M.', 'Bessa, W.M.', 'Bessa, W.M.', 'Bessa, W.M.']"
6602166183,"['Pyatkin, A.', 'Pyatkin, A.', 'Pyatkin, A.', 'Pyatkin, A.']"
6701742333,"['Fermo, P.', 'Fermo, P.']"
7003469946,"['Mendes, W.R.', 'Mendes, W.R.', 'Mendes, W.R.']"
7202947679,"['Fernandes, M.A.C.', 'Fernandes, M.A.C.', 'Fernandes, M.A.C.', 'Fernandes, M.A.C.', 'Fernandes, M.A.C.', 'Fernandes, M.A.C.', 'Fernandes, M.A.C.', 'Fernandes, M.A.C.']"
9744170000,"['Silva, K.M.', 'Silva, K.M.']"
